analysis_id,study_id,contrast_id,comparison_task,matched_task_names,analysis_name,study_name,authors,publication
25uKFzHufiGk-MwAgKDUaAoMn,25uKFzHufiGk,MwAgKDUaAoMn,flanker,Social Speeded Flanker Task,Table 2.,When your error becomes my error: anterior insula activation in response to observed errors is modulated by agency.,"Cracco, Emiel;Desmet, Charlotte;Brass, Marcel",Social cognitive and affective neuroscience
2anyF97pVjDC-NNevFFQ8xFEV,2anyF97pVjDC,NNevFFQ8xFEV,flanker,Flanker Task,OCD Group > HC Group,Presupplementary Motor Area Contributes to Altered Error Monitoring in Obsessive-Compulsive Disorder,Rosa Grützmann; T. Endrass; C. Kaufmann; E. Allen; T. Eichele; N. Kathmann,Biological Psychiatry
2anyF97pVjDC-s7F4qthqoDjj,2anyF97pVjDC,s7F4qthqoDjj,flanker,Flanker Task,Main Effect Error > Correct,Presupplementary Motor Area Contributes to Altered Error Monitoring in Obsessive-Compulsive Disorder,Rosa Grützmann; T. Endrass; C. Kaufmann; E. Allen; T. Eichele; N. Kathmann,Biological Psychiatry
39BgDEU2okjo-3BwVCJGUCyLA,39BgDEU2okjo,3BwVCJGUCyLA,flanker,Flanker Task,25635,Effective connectivity of the fronto-parietal network during attentional control.,"Wang L, Liu X, Guise KG, Knight RT, Ghajar J, Fan J",Journal of cognitive neuroscience
39BgDEU2okjo-3xEXdDJF6dwo,39BgDEU2okjo,3xEXdDJF6dwo,flanker,Flanker Task,25638,Effective connectivity of the fronto-parietal network during attentional control.,"Wang L, Liu X, Guise KG, Knight RT, Ghajar J, Fan J",Journal of cognitive neuroscience
39BgDEU2okjo-4b3KJkhivGcj,39BgDEU2okjo,4b3KJkhivGcj,flanker,Flanker Task,25637,Effective connectivity of the fronto-parietal network during attentional control.,"Wang L, Liu X, Guise KG, Knight RT, Ghajar J, Fan J",Journal of cognitive neuroscience
39BgDEU2okjo-77xyhsmfTh8P,39BgDEU2okjo,77xyhsmfTh8P,flanker,Flanker Task,25636,Effective connectivity of the fronto-parietal network during attentional control.,"Wang L, Liu X, Guise KG, Knight RT, Ghajar J, Fan J",Journal of cognitive neuroscience
3LqDEwyx5XTj-4SrcGZrThK3g,3LqDEwyx5XTj,4SrcGZrThK3g,flanker,Modified Eriksen Flanker Task,tbl3,Cortical recruitment during selective attention in multiple sclerosis: An fMRI investigation of individual differences,"Prakash RS, Erickson KI, Snook EM, Colcombe SJ, Motl RW, Kramer AF",Neuropsychologia
3iFzKZYtJ8fr-mHUA3vyxwEgw,3iFzKZYtJ8fr,mHUA3vyxwEgw,flanker,Flanker Task | Auditory Simon Task,Table 3,"Effortful control, depression, and anxiety correlate with the influence of emotion on executive attentional control.","Kanske P, Kotz SA",Biological psychology
3tozRpym8M2i-3pBgquLLVnvs,3tozRpym8M2i,3pBgquLLVnvs,flanker,Flanker/NoGo Task,t0005,Sequential inhibitory control processes assessed through simultaneous EEG–fMRI,"Baumeister S, Hohmann S, Wolf I, Plichta MM, Rechtsteiner S, Zangl M, Ruf M, Holz N, Boecker R, Meyer-Lindenberg A, Holtmann M, Laucht M, Banaschewski T, Brandeis D",NeuroImage
3tozRpym8M2i-3tzNPZG5AkhP,3tozRpym8M2i,3tzNPZG5AkhP,flanker,Flanker/NoGo Task,t0010,Sequential inhibitory control processes assessed through simultaneous EEG–fMRI,"Baumeister S, Hohmann S, Wolf I, Plichta MM, Rechtsteiner S, Zangl M, Ruf M, Holz N, Boecker R, Meyer-Lindenberg A, Holtmann M, Laucht M, Banaschewski T, Brandeis D",NeuroImage
3tozRpym8M2i-FANSLfG3s5ho,3tozRpym8M2i,FANSLfG3s5ho,flanker,Flanker/NoGo Task,t0015,Sequential inhibitory control processes assessed through simultaneous EEG–fMRI,"Baumeister S, Hohmann S, Wolf I, Plichta MM, Rechtsteiner S, Zangl M, Ruf M, Holz N, Boecker R, Meyer-Lindenberg A, Holtmann M, Laucht M, Banaschewski T, Brandeis D",NeuroImage
42bp4FPeUxXt-4HZfs96iiPfc,42bp4FPeUxXt,4HZfs96iiPfc,flanker,Flanker Task,T2,Orchestrating Proactive and Reactive Mechanisms for Filtering Distracting Information: Brain-Behavior Relationships Revealed by a Mixed-Design fMRI Study,"Marini, Francesco;Demeter, Elise;Roberts, Kenneth C;Chelazzi, Leonardo;Woldorff, Marty G",The Journal of neuroscience : the official journal of the Society for 
42bp4FPeUxXt-5KSwjUFtQL8M,42bp4FPeUxXt,5KSwjUFtQL8M,flanker,Flanker Task,T1,Orchestrating Proactive and Reactive Mechanisms for Filtering Distracting Information: Brain-Behavior Relationships Revealed by a Mixed-Design fMRI Study,"Marini, Francesco;Demeter, Elise;Roberts, Kenneth C;Chelazzi, Leonardo;Woldorff, Marty G",The Journal of neuroscience : the official journal of the Society for 
42bp4FPeUxXt-6mn5iokrMNKR,42bp4FPeUxXt,6mn5iokrMNKR,flanker,Flanker Task,T3,Orchestrating Proactive and Reactive Mechanisms for Filtering Distracting Information: Brain-Behavior Relationships Revealed by a Mixed-Design fMRI Study,"Marini, Francesco;Demeter, Elise;Roberts, Kenneth C;Chelazzi, Leonardo;Woldorff, Marty G",The Journal of neuroscience : the official journal of the Society for 
42bp4FPeUxXt-7bvcWUXfajWK,42bp4FPeUxXt,7bvcWUXfajWK,flanker,Flanker Task,T4,Orchestrating Proactive and Reactive Mechanisms for Filtering Distracting Information: Brain-Behavior Relationships Revealed by a Mixed-Design fMRI Study,"Marini, Francesco;Demeter, Elise;Roberts, Kenneth C;Chelazzi, Leonardo;Woldorff, Marty G",The Journal of neuroscience : the official journal of the Society for 
4CAE7uGTB2gw-3Qr2iAtN7YpK,4CAE7uGTB2gw,3Qr2iAtN7YpK,flanker,Visual Flanker Task | Auditory Simon Task,Table 3,"Reprint of ""Effortful control, depression, and anxiety correlate with the influence of emotion on executive attentional control"".","Kanske P, Kotz SA",Biological psychology
4N7YQbHUCfds-6dNuVMSwwhSC,4N7YQbHUCfds,6dNuVMSwwhSC,flanker,Eriksen Flanker Task,t2-jpn-41-e3,Aberrant network connectivity during error processing in patients with schizophrenia,"Voegler, Rolf;Becker, Michael P I;Nitsch, Alexander;Miltner, Wolfgang H R;Straube, Thomas",Journal of psychiatry & neuroscience : JPN
4b2M5NqN8XtV-VusVoLMa5fXQ,4b2M5NqN8XtV,VusVoLMa5fXQ,flanker,Flanker Task | Delayed Gratification Task | Color-Word Stroop Task,Incongruent > Congruent,Effects of Music Training on Inhibitory Control and Associated Neural Networks in School-Aged Children: A Longitudinal Study,Sarah Hennessy; Matthew E. Sachs; Beatriz Ilari; Assal Habibi,Frontiers in Neuroscience
4b2M5NqN8XtV-YH84gSKq32L3,4b2M5NqN8XtV,YH84gSKq32L3,flanker,Flanker Task | Delayed Gratification Task | Color-Word Stroop Task,Music > Control,Effects of Music Training on Inhibitory Control and Associated Neural Networks in School-Aged Children: A Longitudinal Study,Sarah Hennessy; Matthew E. Sachs; Beatriz Ilari; Assal Habibi,Frontiers in Neuroscience
4b2M5NqN8XtV-xD6eHh6MDXbb,4b2M5NqN8XtV,xD6eHh6MDXbb,flanker,Flanker Task | Delayed Gratification Task | Color-Word Stroop Task,Incongruent > Rest,Effects of Music Training on Inhibitory Control and Associated Neural Networks in School-Aged Children: A Longitudinal Study,Sarah Hennessy; Matthew E. Sachs; Beatriz Ilari; Assal Habibi,Frontiers in Neuroscience
4yAeYCmZ7Mx4-4qWp8tt6oyf5,4yAeYCmZ7Mx4,4qWp8tt6oyf5,flanker,Eriksen Flanker Task,t0005,Mechanisms underlying flexible adaptation of cognitive control: Behavioral and neuroimaging evidence in a flanker task,"Zurawska Vel Grajewska B, Sim EJ, Hoenig K, Herrnberger B, Kiefer M",Brain research
4yAeYCmZ7Mx4-fvePCjoLRYR5,4yAeYCmZ7Mx4,fvePCjoLRYR5,flanker,Eriksen Flanker Task,t0010,Mechanisms underlying flexible adaptation of cognitive control: Behavioral and neuroimaging evidence in a flanker task,"Zurawska Vel Grajewska B, Sim EJ, Hoenig K, Herrnberger B, Kiefer M",Brain research
5nCw8oE7ECkv-6pYnSxmw3jrS,5nCw8oE7ECkv,6pYnSxmw3jrS,flanker,Stroop Task | Raven's Advanced Progressive Matrices | Flanker Task | Digit Span Task | Spatial Span Task | Verbal Working Memory Task | Spatial Working Memory Task | Bound Working Memory Task | Separate Working Memory Task | Digit Symbol Substitution Task | Motor Task | Resting State fMRI,T2,Parallel ICA identifies sub-components of resting state networks that covary with behavioral indices,"Meier TB, Wildenberg JC, Liu J, Chen J, Calhoun VD, Biswal BB, Meyerand ME, Birn RM, Prabhakaran V",Frontiers in human neuroscience
6HV5Zhu9zuv2-2Gw9DmmX5NFc,6HV5Zhu9zuv2,2Gw9DmmX5NFc,flanker,Flanker Task,Peak coordinates (Talairach),The effect of feature-based attention on flanker interference processing: An fMRI-constrained source analysis,J. Siemann; M. Herrmann; Daniela Galashan,Scientific Reports
6HV5Zhu9zuv2-7icM9A6UQ6xw,6HV5Zhu9zuv2,7icM9A6UQ6xw,flanker,Flanker Task,Left hemisphere (MNI space),The effect of feature-based attention on flanker interference processing: An fMRI-constrained source analysis,J. Siemann; M. Herrmann; Daniela Galashan,Scientific Reports
6HV5Zhu9zuv2-EeCkv8wNfRV4,6HV5Zhu9zuv2,EeCkv8wNfRV4,flanker,Flanker Task,Right hemisphere (MNI space),The effect of feature-based attention on flanker interference processing: An fMRI-constrained source analysis,J. Siemann; M. Herrmann; Daniela Galashan,Scientific Reports
6HV5Zhu9zuv2-MC3kdytPq5uK,6HV5Zhu9zuv2,MC3kdytPq5uK,flanker,Flanker Task,RS coordinates (Talairach),The effect of feature-based attention on flanker interference processing: An fMRI-constrained source analysis,J. Siemann; M. Herrmann; Daniela Galashan,Scientific Reports
6HV5Zhu9zuv2-WDW4PKvUpWVc,6HV5Zhu9zuv2,WDW4PKvUpWVc,flanker,Flanker Task,INC > CON (valid & invalid cues),The effect of feature-based attention on flanker interference processing: An fMRI-constrained source analysis,J. Siemann; M. Herrmann; Daniela Galashan,Scientific Reports
6HV5Zhu9zuv2-ZsWPwvum55bZ,6HV5Zhu9zuv2,ZsWPwvum55bZ,flanker,Flanker Task,INC > CON (all cue types),The effect of feature-based attention on flanker interference processing: An fMRI-constrained source analysis,J. Siemann; M. Herrmann; Daniela Galashan,Scientific Reports
6ZpV5VnonurG-6wap4xhcdeVs,6ZpV5VnonurG,6wap4xhcdeVs,flanker,Eriksen Flanker Task,30987,Competition between functional brain networks mediates behavioral variability.,"Kelly AM, Uddin LQ, Biswal BB, Castellanos FX, Milham MP",NeuroImage
6pXdXZyRe9Qy-3MGddB2nrGkd,6pXdXZyRe9Qy,3MGddB2nrGkd,flanker,Flanker Task,t0015,Distinct neural correlates for two types of inhibition in bilinguals: Response inhibition versus interference suppression,"Luk G, Anderson JA, Craik FI, Grady C, Bialystok E",Brain and cognition
6pXdXZyRe9Qy-3PPX6Y7N5NmD,6pXdXZyRe9Qy,3PPX6Y7N5NmD,flanker,Flanker Task,t0020,Distinct neural correlates for two types of inhibition in bilinguals: Response inhibition versus interference suppression,"Luk G, Anderson JA, Craik FI, Grady C, Bialystok E",Brain and cognition
6pXdXZyRe9Qy-7rotxLSHZKPQ,6pXdXZyRe9Qy,7rotxLSHZKPQ,flanker,Flanker Task,t0010,Distinct neural correlates for two types of inhibition in bilinguals: Response inhibition versus interference suppression,"Luk G, Anderson JA, Craik FI, Grady C, Bialystok E",Brain and cognition
6vQ5TzA37rut-7NSxUxocRpaz,6vQ5TzA37rut,7NSxUxocRpaz,flanker,Flanker Task,t0010,Motivation by potential gains and losses affects control processes via different mechanisms in the attentional network,"Paschke LM, Walter H, Steimke R, Ludwig VU, Gaschler R, Schubert T, Stelzel C",NeuroImage
7i35K4dbCy6H-6cEEsa5rkNK5,7i35K4dbCy6H,6cEEsa5rkNK5,flanker,Speeded Flanker Task,27202,Trial-by-trial coupling of concurrent electroencephalogram and functional magnetic resonance imaging identifies the dynamics of performance monitoring.,"Debener S, Ullsperger M, Siegel M, Fiehler K, von Cramon DY, Engel AK",The Journal of neuroscience : the official journal of the Society for Neuroscience
7jdf7wRDnyoj-3EDXtuzb7kXM,7jdf7wRDnyoj,3EDXtuzb7kXM,flanker,Modified Sternberg working memory task | Modified Eriksen Flanker task | Stop signal task,18326,Resisting Sleep Pressure: Impact on Resting State Functional Network Connectivity.,"Tushaus L, Balsters JH, Schlapfer A, Brandeis D, O'Gorman Tuura R, Achermann P",Brain topography
7k6BwtmfUMLP-3u4SsFhw9C7G,7k6BwtmfUMLP,3u4SsFhw9C7G,flanker,Flanker Interference Task,T1,Priming of control: implicit contextual cuing of top-down attentional set,"King JA, Korb FM, Egner T",The Journal of neuroscience : the official journal of the Society for Neuroscience
7mq6L8F3KMVU-5DcHRjxpvB5w,7mq6L8F3KMVU,5DcHRjxpvB5w,flanker,Combined Go/NoGo-Eriksen flanker task,tbl3,Neural Correlates of Error Monitoring Modulated by Atomoxetine in Healthy Volunteers,"Graf H, Abler B, Freudenmann R, Beschoner P, Schaeffeler E, Spitzer M, Schwab M, Gron G",Biological psychiatry
7nyAPvL5NF2i-7KHTtkpwdnd6,7nyAPvL5NF2i,7KHTtkpwdnd6,flanker,Flanker Task,19705,Involvement of human internal globus pallidus in the early modulation of cortical error-related activity.,"Herrojo Ruiz M, Huebl J, Schonecker T, Kupsch A, Yarrow K, Krauss JK, Schneider GH, Kuhn AA","Cerebral cortex (New York, N.Y. : 1991)"
7uFh3Qcjksn5-G42rYniXPStm,7uFh3Qcjksn5,G42rYniXPStm,flanker,Eriksen Flanker Task,Digit Symbol-Coding test,Age-related changes in attention control and their relationship with gait performance in older adults with high risk of falls,N. Fernandez; M. Hars; A. Trombetti; Patrik Vuilleumier,NeuroImage
7uFh3Qcjksn5-S2Miw4Ahvd7a,7uFh3Qcjksn5,S2Miw4Ahvd7a,flanker,Eriksen Flanker Task,Stride length CV,Age-related changes in attention control and their relationship with gait performance in older adults with high risk of falls,N. Fernandez; M. Hars; A. Trombetti; Patrik Vuilleumier,NeuroImage
7uFh3Qcjksn5-WgcasyWxZyaw,7uFh3Qcjksn5,WgcasyWxZyaw,flanker,Eriksen Flanker Task,Common activations across both groups,Age-related changes in attention control and their relationship with gait performance in older adults with high risk of falls,N. Fernandez; M. Hars; A. Trombetti; Patrik Vuilleumier,NeuroImage
7uFh3Qcjksn5-X8smwsqncCN6,7uFh3Qcjksn5,X8smwsqncCN6,flanker,Eriksen Flanker Task,Stride time CV,Age-related changes in attention control and their relationship with gait performance in older adults with high risk of falls,N. Fernandez; M. Hars; A. Trombetti; Patrik Vuilleumier,NeuroImage
7uFh3Qcjksn5-s56ukMvFdqSa,7uFh3Qcjksn5,s56ukMvFdqSa,flanker,Eriksen Flanker Task,Older > Young adults,Age-related changes in attention control and their relationship with gait performance in older adults with high risk of falls,N. Fernandez; M. Hars; A. Trombetti; Patrik Vuilleumier,NeuroImage
7uFh3Qcjksn5-taa9xGu9rhhp,7uFh3Qcjksn5,taa9xGu9rhhp,flanker,Eriksen Flanker Task,(A) Executive control (Inc > Con),Age-related changes in attention control and their relationship with gait performance in older adults with high risk of falls,N. Fernandez; M. Hars; A. Trombetti; Patrik Vuilleumier,NeuroImage
83UV6m3p83zV-5o7Z9dQ7dK84,83UV6m3p83zV,5o7Z9dQ7dK84,flanker,Letter Flanker Task,t0015,Linking inter-individual differences in the conflict adaptation effect to spontaneous brain activity,"Wang T, Chen Z, Zhao G, Hitchman G, Liu C, Zhao X, Liu Y, Chen A",NeuroImage
83pigbDECtcd-3aLd8zPo8GfL,83pigbDECtcd,3aLd8zPo8GfL,flanker,Balance Task | Flanker Task,26990,Localizing evoked cortical activity associated with balance reactions: does the anterior cingulate play a role?,"Marlin A, Mochizuki G, Staines WR, McIlroy WE",Journal of neurophysiology
8TvkdWqMNVVo-8j3oafqd6EkS,8TvkdWqMNVVo,8j3oafqd6EkS,flanker,Flanker Task,Congruent,Acute Effects of Aerobic Exercise on Executive Function and Attention in Adult Patients With ADHD,Aylin Mehren; J. Özyurt; Alexandra P. Lam; M. Brandes; Helge H. O. Müller; C. Thiel; A. Philipsen,Frontiers in Psychiatry
8TvkdWqMNVVo-Szh8Md7x5KLS,8TvkdWqMNVVo,Szh8Md7x5KLS,flanker,Flanker Task,Incongruent,Acute Effects of Aerobic Exercise on Executive Function and Attention in Adult Patients With ADHD,Aylin Mehren; J. Özyurt; Alexandra P. Lam; M. Brandes; Helge H. O. Müller; C. Thiel; A. Philipsen,Frontiers in Psychiatry
9PLHhLsF5Bv4-AN5YnrN8mhpV,9PLHhLsF5Bv4,AN5YnrN8mhpV,flanker,Flanker Task | Go/No-go Task | Visual Task,MI (exercise - control)–HI (exercise - control)1,Intensity-Dependent Effects of Acute Exercise on Executive Function,Aylin Mehren; Cecilia Diaz Luque; M. Brandes; Alexandra P. Lam; C. Thiel; A. Philipsen; J. Özyurt,Journal of Neural Transplantation and Plasticity
9PLHhLsF5Bv4-iTxTiGBtoXMe,9PLHhLsF5Bv4,iTxTiGBtoXMe,flanker,Flanker Task | Go/No-go Task | Visual Task,MI (control − exercise)2,Intensity-Dependent Effects of Acute Exercise on Executive Function,Aylin Mehren; Cecilia Diaz Luque; M. Brandes; Alexandra P. Lam; C. Thiel; A. Philipsen; J. Özyurt,Journal of Neural Transplantation and Plasticity
9PLHhLsF5Bv4-iwE5cyEt9tHd,9PLHhLsF5Bv4,iwE5cyEt9tHd,flanker,Flanker Task | Go/No-go Task | Visual Task,HI (exercise − control)2,Intensity-Dependent Effects of Acute Exercise on Executive Function,Aylin Mehren; Cecilia Diaz Luque; M. Brandes; Alexandra P. Lam; C. Thiel; A. Philipsen; J. Özyurt,Journal of Neural Transplantation and Plasticity
9PLHhLsF5Bv4-xjDSaeiadmyq,9PLHhLsF5Bv4,xjDSaeiadmyq,flanker,Flanker Task | Go/No-go Task | Visual Task,HI (exercise − control)–MI (exercise − control)1,Intensity-Dependent Effects of Acute Exercise on Executive Function,Aylin Mehren; Cecilia Diaz Luque; M. Brandes; Alexandra P. Lam; C. Thiel; A. Philipsen; J. Özyurt,Journal of Neural Transplantation and Plasticity
9PLHhLsF5Bv4-xxX2zQfep7Md,9PLHhLsF5Bv4,xxX2zQfep7Md,flanker,Flanker Task | Go/No-go Task | Visual Task,MI (exercise - control)2,Intensity-Dependent Effects of Acute Exercise on Executive Function,Aylin Mehren; Cecilia Diaz Luque; M. Brandes; Alexandra P. Lam; C. Thiel; A. Philipsen; J. Özyurt,Journal of Neural Transplantation and Plasticity
9RNV5UYCZXby-GAhgf5R5qJQc,9RNV5UYCZXby,GAhgf5R5qJQc,flanker,Flanker Task,"Incongruent–Neutral, conjunction of Color and Letter",Material-dependent and material-independent selection processes in the frontal and parietal lobes: an event-related fMRI investigation of response competition,E. Hazeltine; S. Bunge; M. D. Scanlon; J. Gabrieli,Neuropsychologia
9RNV5UYCZXby-GH9Wkxjy8yaS,9RNV5UYCZXby,GH9Wkxjy8yaS,flanker,Flanker Task,"Incongruent–Neutral, Letter > Color",Material-dependent and material-independent selection processes in the frontal and parietal lobes: an event-related fMRI investigation of response competition,E. Hazeltine; S. Bunge; M. D. Scanlon; J. Gabrieli,Neuropsychologia
9RNV5UYCZXby-ZdEXdcVC8BYi,9RNV5UYCZXby,ZdEXdcVC8BYi,flanker,Flanker Task,"Incongruent–Neutral, Color > Letter",Material-dependent and material-independent selection processes in the frontal and parietal lobes: an event-related fMRI investigation of response competition,E. Hazeltine; S. Bunge; M. D. Scanlon; J. Gabrieli,Neuropsychologia
A9aLeLtLojCf-687QxTVWM3gJ,A9aLeLtLojCf,687QxTVWM3gJ,flanker,Eriksen flanker two-choice reaction time task,Right Frontal lobe,Functional brain imaging of speeded decision processing in Parkinson's disease and comparison with Schizophrenia,Pappa Eleni; Panagiotaropoulou Georgia; Potagas Constantine; Karavasilis Efstratios; Velonakis Georgios; Kelekis L Nikolaos; Klein Christoph; Smyrnis Nikolaos,Psychiatry Research: Neuroimaging
A9aLeLtLojCf-7bEgUA5e68Re,A9aLeLtLojCf,7bEgUA5e68Re,flanker,Eriksen flanker two-choice reaction time task,Right Temporal Lobe,Functional brain imaging of speeded decision processing in Parkinson's disease and comparison with Schizophrenia,Pappa Eleni; Panagiotaropoulou Georgia; Potagas Constantine; Karavasilis Efstratios; Velonakis Georgios; Kelekis L Nikolaos; Klein Christoph; Smyrnis Nikolaos,Psychiatry Research: Neuroimaging
A9aLeLtLojCf-T5dtaWVehEns,A9aLeLtLojCf,T5dtaWVehEns,flanker,Eriksen flanker two-choice reaction time task,Cingulate,Functional brain imaging of speeded decision processing in Parkinson's disease and comparison with Schizophrenia,Pappa Eleni; Panagiotaropoulou Georgia; Potagas Constantine; Karavasilis Efstratios; Velonakis Georgios; Kelekis L Nikolaos; Klein Christoph; Smyrnis Nikolaos,Psychiatry Research: Neuroimaging
A9aLeLtLojCf-ajRfT6qQfLEd,A9aLeLtLojCf,ajRfT6qQfLEd,flanker,Eriksen flanker two-choice reaction time task,utbl0002,Functional brain imaging of speeded decision processing in Parkinson's disease and comparison with Schizophrenia,Pappa Eleni; Panagiotaropoulou Georgia; Potagas Constantine; Karavasilis Efstratios; Velonakis Georgios; Kelekis L Nikolaos; Klein Christoph; Smyrnis Nikolaos,Psychiatry Research: Neuroimaging
A9aLeLtLojCf-hUMYDgCbop3n,A9aLeLtLojCf,hUMYDgCbop3n,flanker,Eriksen flanker two-choice reaction time task,Effect of task on brain activation in PD patients and controls.,Functional brain imaging of speeded decision processing in Parkinson's disease and comparison with Schizophrenia,Pappa Eleni; Panagiotaropoulou Georgia; Potagas Constantine; Karavasilis Efstratios; Velonakis Georgios; Kelekis L Nikolaos; Klein Christoph; Smyrnis Nikolaos,Psychiatry Research: Neuroimaging
ABdYSEaXYJEW-LoAMzYCLocaW,ABdYSEaXYJEW,LoAMzYCLocaW,flanker,Flanker Task,brb3375-tbl-0002,White matter microstructure between the pre‐SMA and the cingulum bundle is related to response conflict in healthy subjects,Maeri Yamamoto; I. Kushima; H. Kimura; Akiko Hayashi; N. Kawano; B. Aleksic; T. Iidaka; N. Ozaki,Brain and Behavior
CycWXprDDCAr-aJVFut7dq56c,CycWXprDDCAr,aJVFut7dq56c,flanker,Modified Flanker Task,Table 2. Activations for No-Go versus Neutral Trials,Immature Frontal Lobe Contributions to Cognitive Control in Children: Evidence from fMRI,"Bunge SA, Dudukovic NM, Thomason ME, Vaidya CJ, Gabrieli JD",Neuron
DRMt2LVVVCze-B22BHfqcMjuf,DRMt2LVVVCze,B22BHfqcMjuf,flanker,Cued Flanker Task,Hard cue > Baseline,Preparatory allocation of attention and adjustments in conflict processing,T. Luks; G. V. Simpson; C. Dale; M. Hough,NeuroImage
DRMt2LVVVCze-CCukhMwiMmWG,DRMt2LVVVCze,CCukhMwiMmWG,flanker,Cued Flanker Task,Neutrally cued high conflict targets > low conflict targets,Preparatory allocation of attention and adjustments in conflict processing,T. Luks; G. V. Simpson; C. Dale; M. Hough,NeuroImage
DRMt2LVVVCze-Gwt6yC2VLKyf,DRMt2LVVVCze,Gwt6yC2VLKyf,flanker,Cued Flanker Task,Informative Cues (Hard + Easy) > Neutral cues,Preparatory allocation of attention and adjustments in conflict processing,T. Luks; G. V. Simpson; C. Dale; M. Hough,NeuroImage
DRMt2LVVVCze-HAA8GcLtRWnm,DRMt2LVVVCze,HAA8GcLtRWnm,flanker,Cued Flanker Task,Informative Hard cues > Informative Easy cues,Preparatory allocation of attention and adjustments in conflict processing,T. Luks; G. V. Simpson; C. Dale; M. Hough,NeuroImage
DRMt2LVVVCze-f8HrreKdeRuB,DRMt2LVVVCze,f8HrreKdeRuB,flanker,Cued Flanker Task,Easy cue > Baseline,Preparatory allocation of attention and adjustments in conflict processing,T. Luks; G. V. Simpson; C. Dale; M. Hough,NeuroImage
DRMt2LVVVCze-h3AGwW4fA5Hd,DRMt2LVVVCze,h3AGwW4fA5Hd,flanker,Cued Flanker Task,Neutral cue > Baseline,Preparatory allocation of attention and adjustments in conflict processing,T. Luks; G. V. Simpson; C. Dale; M. Hough,NeuroImage
DRMt2LVVVCze-mB4axCGXo8Jd,DRMt2LVVVCze,mB4axCGXo8Jd,flanker,Cued Flanker Task,Neutrally cued (high conflict vs. low conflict targets) > informatively cued (high conflict vs. low conflict targets),Preparatory allocation of attention and adjustments in conflict processing,T. Luks; G. V. Simpson; C. Dale; M. Hough,NeuroImage
DRMt2LVVVCze-tnpfBjdQcL9n,DRMt2LVVVCze,tnpfBjdQcL9n,flanker,Cued Flanker Task,Informatively cued high conflict targets > low conflict targets,Preparatory allocation of attention and adjustments in conflict processing,T. Luks; G. V. Simpson; C. Dale; M. Hough,NeuroImage
Ft2qiB3x8K8G-G3PnhoRo89dc,Ft2qiB3x8K8G,G3PnhoRo89dc,flanker,Speeded Digit Flanker Task,Cluster set II: Contrast (error > correct),To err is (perfectly) human: behavioural and neural correlates of error processing and perfectionism,A. Barke; S. Bode; P. Dechent; C. Schmidt-Samoa; Christina A. Van Heer; J. Stahl,Social Cognitive and Affective Neuroscience
Ft2qiB3x8K8G-xPjnsJ7yABj9,Ft2qiB3x8K8G,xPjnsJ7yABj9,flanker,Speeded Digit Flanker Task,Cluster set I: Contrast (correct > error),To err is (perfectly) human: behavioural and neural correlates of error processing and perfectionism,A. Barke; S. Bode; P. Dechent; C. Schmidt-Samoa; Christina A. Van Heer; J. Stahl,Social Cognitive and Affective Neuroscience
Fz9YApij5XT9-FW6Hc5uoBuQs,Fz9YApij5XT9,FW6Hc5uoBuQs,flanker,Flanker Test,Supplement effect,"The effect of acute cocoa flavanol intake on the BOLD response and cognitive function in type 1 diabetes: a randomized, placebo-controlled, double-blinded cross-over pilot study",L. Decroix; P. Schuerbeek; C. Tonoli; J. Cutsem; D. Soares; E. Heyman; T. Vanderhasselt; Ruth Verrelst; H. Raeymaekers; J. Mey; R. Meeusen,Psychopharmacology
Fz9YApij5XT9-T9dbvPzgxUnM,Fz9YApij5XT9,T9dbvPzgxUnM,flanker,Flanker Test,2-way (group * supplement),"The effect of acute cocoa flavanol intake on the BOLD response and cognitive function in type 1 diabetes: a randomized, placebo-controlled, double-blinded cross-over pilot study",L. Decroix; P. Schuerbeek; C. Tonoli; J. Cutsem; D. Soares; E. Heyman; T. Vanderhasselt; Ruth Verrelst; H. Raeymaekers; J. Mey; R. Meeusen,Psychopharmacology
Fz9YApij5XT9-kjAMCT5KFCWN,Fz9YApij5XT9,kjAMCT5KFCWN,flanker,Flanker Test,Group effect,"The effect of acute cocoa flavanol intake on the BOLD response and cognitive function in type 1 diabetes: a randomized, placebo-controlled, double-blinded cross-over pilot study",L. Decroix; P. Schuerbeek; C. Tonoli; J. Cutsem; D. Soares; E. Heyman; T. Vanderhasselt; Ruth Verrelst; H. Raeymaekers; J. Mey; R. Meeusen,Psychopharmacology
JPY89C2raE9F-8CWwpzxLytKs,JPY89C2raE9F,8CWwpzxLytKs,flanker,Numerical Eriksen Flanker Task,Peak voxel activation on incongruent (minus congruent) trials in the MC blocks contrasted with incongruent (minus congruent) trials in the MI blocks.,Context-dependent modulation of cognitive control involves different temporal profiles of fronto-parietal activity,B. Aben; C. Calderon; Laurens Van der Cruyssen; Doerte Picksak; E. Bussche; Tom Verguts,NeuroImage
JPY89C2raE9F-9yVuokW6tpvF,JPY89C2raE9F,9yVuokW6tpvF,flanker,Numerical Eriksen Flanker Task,MC and MI blocks,Context-dependent modulation of cognitive control involves different temporal profiles of fronto-parietal activity,B. Aben; C. Calderon; Laurens Van der Cruyssen; Doerte Picksak; E. Bussche; Tom Verguts,NeuroImage
JPY89C2raE9F-KRcNsRuVyfUg,JPY89C2raE9F,KRcNsRuVyfUg,flanker,Numerical Eriksen Flanker Task,MC block,Context-dependent modulation of cognitive control involves different temporal profiles of fronto-parietal activity,B. Aben; C. Calderon; Laurens Van der Cruyssen; Doerte Picksak; E. Bussche; Tom Verguts,NeuroImage
Jex3UzAm4GDn-Mwkboomq83uH,Jex3UzAm4GDn,Mwkboomq83uH,flanker,Modified Flanker Task,Response inhibition > interference monitoring and suppression,Brain regions underlying response inhibition and interference monitoring and suppression,G. Blasi; T. Goldberg; T. Weickert; Saumitra Das; P. Kohn; Brad Zoltick; A. Bertolino; J. Callicott; D. Weinberger; V. Mattay,European Journal of Neuroscience
Jex3UzAm4GDn-Zpn5B39MWGuN,Jex3UzAm4GDn,Zpn5B39MWGuN,flanker,Modified Flanker Task,Table 1.                 Local maxima of brain activation during interference monitoring and suppression,Brain regions underlying response inhibition and interference monitoring and suppression,G. Blasi; T. Goldberg; T. Weickert; Saumitra Das; P. Kohn; Brad Zoltick; A. Bertolino; J. Callicott; D. Weinberger; V. Mattay,European Journal of Neuroscience
Jex3UzAm4GDn-nx6Zf6udYzeB,Jex3UzAm4GDn,nx6Zf6udYzeB,flanker,Modified Flanker Task,Interference monitoring and suppression > Response inhibition,Brain regions underlying response inhibition and interference monitoring and suppression,G. Blasi; T. Goldberg; T. Weickert; Saumitra Das; P. Kohn; Brad Zoltick; A. Bertolino; J. Callicott; D. Weinberger; V. Mattay,European Journal of Neuroscience
Jex3UzAm4GDn-qJPRp4ewdpdB,Jex3UzAm4GDn,qJPRp4ewdpdB,flanker,Modified Flanker Task,Table 2.                 Local maxima of brain activation during response inhibition,Brain regions underlying response inhibition and interference monitoring and suppression,G. Blasi; T. Goldberg; T. Weickert; Saumitra Das; P. Kohn; Brad Zoltick; A. Bertolino; J. Callicott; D. Weinberger; V. Mattay,European Journal of Neuroscience
JuPENpTrgfmZ-4Vcy3kMWi6Ya,JuPENpTrgfmZ,4Vcy3kMWi6Ya,flanker,Flanker Task,Immersion-2,Duration and extent of bilingual experience modulate neurocognitive outcomes,V. Deluca; J. Rothman; E. Bialystok; C. Pliatsikas,NeuroImage
JuPENpTrgfmZ-BYe2KCWwbBS8,JuPENpTrgfmZ,BYe2KCWwbBS8,flanker,Flanker Task,L2_Home,Duration and extent of bilingual experience modulate neurocognitive outcomes,V. Deluca; J. Rothman; E. Bialystok; C. Pliatsikas,NeuroImage
JuPENpTrgfmZ-CYxamGvzQJmu,JuPENpTrgfmZ,CYxamGvzQJmu,flanker,Flanker Task,AoA,Duration and extent of bilingual experience modulate neurocognitive outcomes,V. Deluca; J. Rothman; E. Bialystok; C. Pliatsikas,NeuroImage
JuPENpTrgfmZ-ChY8UHF4dC3a,JuPENpTrgfmZ,ChY8UHF4dC3a,flanker,Flanker Task,AoA-2,Duration and extent of bilingual experience modulate neurocognitive outcomes,V. Deluca; J. Rothman; E. Bialystok; C. Pliatsikas,NeuroImage
JuPENpTrgfmZ-xdqfTYYTkouN,JuPENpTrgfmZ,xdqfTYYTkouN,flanker,Flanker Task,Immersion,Duration and extent of bilingual experience modulate neurocognitive outcomes,V. Deluca; J. Rothman; E. Bialystok; C. Pliatsikas,NeuroImage
JuPENpTrgfmZ-yWc3qNTmtFzp,JuPENpTrgfmZ,yWc3qNTmtFzp,flanker,Flanker Task,L2_Social,Duration and extent of bilingual experience modulate neurocognitive outcomes,V. Deluca; J. Rothman; E. Bialystok; C. Pliatsikas,NeuroImage
Jucguw9StRoF-AgqDVUTUnvCW,Jucguw9StRoF,AgqDVUTUnvCW,flanker,Modified Eriksen Flanker Task,MNI,Functional neural correlates of reduced physiological falls risk,L. Nagamatsu; C. Hsu; Todd C Handy; T. Liu-Ambrose,Behavioral and Brain Functions
Jucguw9StRoF-DNcivARabFjP,Jucguw9StRoF,DNcivARabFjP,flanker,Modified Eriksen Flanker Task,TAL,Functional neural correlates of reduced physiological falls risk,L. Nagamatsu; C. Hsu; Todd C Handy; T. Liu-Ambrose,Behavioral and Brain Functions
KKRFUpe36WBB-8eEDuNcqebXE,KKRFUpe36WBB,8eEDuNcqebXE,flanker,Modified Flanker Task,PUN vs. NEU,Motivational salience and genetic variability of dopamine D2 receptor expression interact in the modulation of interference processing,A. Richter; Sylvia Richter; Adriana Barman; Joram Soch; M. Klein; A. Assmann; Catherine Libeau; G. Behnisch; T. Wüstenberg; C. Seidenbecher; B. Schott,Frontiers in Human Neuroscience
KKRFUpe36WBB-D9ndcGDyZdPA,KKRFUpe36WBB,D9ndcGDyZdPA,flanker,Modified Flanker Task,CONGRUENCY × MOTIVATION,Motivational salience and genetic variability of dopamine D2 receptor expression interact in the modulation of interference processing,A. Richter; Sylvia Richter; Adriana Barman; Joram Soch; M. Klein; A. Assmann; Catherine Libeau; G. Behnisch; T. Wüstenberg; C. Seidenbecher; B. Schott,Frontiers in Human Neuroscience
KKRFUpe36WBB-TwssrtYhx5RH,KKRFUpe36WBB,TwssrtYhx5RH,flanker,Modified Flanker Task,CONGRUENCY × MOTIVATION × GENOTYPE,Motivational salience and genetic variability of dopamine D2 receptor expression interact in the modulation of interference processing,A. Richter; Sylvia Richter; Adriana Barman; Joram Soch; M. Klein; A. Assmann; Catherine Libeau; G. Behnisch; T. Wüstenberg; C. Seidenbecher; B. Schott,Frontiers in Human Neuroscience
KKRFUpe36WBB-ZP6hpTeQDEPD,KKRFUpe36WBB,ZP6hpTeQDEPD,flanker,Modified Flanker Task,INCONGRUENT vs. CONGRUENT,Motivational salience and genetic variability of dopamine D2 receptor expression interact in the modulation of interference processing,A. Richter; Sylvia Richter; Adriana Barman; Joram Soch; M. Klein; A. Assmann; Catherine Libeau; G. Behnisch; T. Wüstenberg; C. Seidenbecher; B. Schott,Frontiers in Human Neuroscience
KKRFUpe36WBB-nfwwmfHV3WUU,KKRFUpe36WBB,nfwwmfHV3WUU,flanker,Modified Flanker Task,COM vs. NEU,Motivational salience and genetic variability of dopamine D2 receptor expression interact in the modulation of interference processing,A. Richter; Sylvia Richter; Adriana Barman; Joram Soch; M. Klein; A. Assmann; Catherine Libeau; G. Behnisch; T. Wüstenberg; C. Seidenbecher; B. Schott,Frontiers in Human Neuroscience
KKRFUpe36WBB-vXSkfxZn4yMS,KKRFUpe36WBB,vXSkfxZn4yMS,flanker,Modified Flanker Task,COM vs. PUN,Motivational salience and genetic variability of dopamine D2 receptor expression interact in the modulation of interference processing,A. Richter; Sylvia Richter; Adriana Barman; Joram Soch; M. Klein; A. Assmann; Catherine Libeau; G. Behnisch; T. Wüstenberg; C. Seidenbecher; B. Schott,Frontiers in Human Neuroscience
KKRFUpe36WBB-y8EEJzuqneiQ,KKRFUpe36WBB,y8EEJzuqneiQ,flanker,Modified Flanker Task,REW vs. NEU,Motivational salience and genetic variability of dopamine D2 receptor expression interact in the modulation of interference processing,A. Richter; Sylvia Richter; Adriana Barman; Joram Soch; M. Klein; A. Assmann; Catherine Libeau; G. Behnisch; T. Wüstenberg; C. Seidenbecher; B. Schott,Frontiers in Human Neuroscience
KKRFUpe36WBB-yH3D7DNwiPgw,KKRFUpe36WBB,yH3D7DNwiPgw,flanker,Modified Flanker Task,A1+ vs. A1−,Motivational salience and genetic variability of dopamine D2 receptor expression interact in the modulation of interference processing,A. Richter; Sylvia Richter; Adriana Barman; Joram Soch; M. Klein; A. Assmann; Catherine Libeau; G. Behnisch; T. Wüstenberg; C. Seidenbecher; B. Schott,Frontiers in Human Neuroscience
KKRFUpe36WBB-yrUJa7PiAHiV,KKRFUpe36WBB,yrUJa7PiAHiV,flanker,Modified Flanker Task,REW vs. PUN,Motivational salience and genetic variability of dopamine D2 receptor expression interact in the modulation of interference processing,A. Richter; Sylvia Richter; Adriana Barman; Joram Soch; M. Klein; A. Assmann; Catherine Libeau; G. Behnisch; T. Wüstenberg; C. Seidenbecher; B. Schott,Frontiers in Human Neuroscience
KeAD2aapwbaf-JcYHrTbSH8uR,KeAD2aapwbaf,JcYHrTbSH8uR,flanker,Flanker Task,"Activation Table of (VideoFullResp–VideoSharedResp)–(FeedbackFullResp–FeedbackSharedResp) (punc < 0.001, k > 10, survived qFDR < 0.05).",Responsibility modulates pain-matrix activation elicited by the expressions of others in pain,Fang Cui; Abdel R Abdelgabar; C. Keysers; V. Gazzola,NeuroImage
KeAD2aapwbaf-KFB6k9CtnDrS,KeAD2aapwbaf,KFB6k9CtnDrS,flanker,Flanker Task,(VideoFullResp+VideoSharedResp+VideoNoResp)–3VideoNoPain,Responsibility modulates pain-matrix activation elicited by the expressions of others in pain,Fang Cui; Abdel R Abdelgabar; C. Keysers; V. Gazzola,NeuroImage
KeAD2aapwbaf-pcYCiWGdZMBS,KeAD2aapwbaf,pcYCiWGdZMBS,flanker,Flanker Task,"VideoFullResp–VideoNoResp (punc < 0.001, k > 10, survived qFDR < 0.05).",Responsibility modulates pain-matrix activation elicited by the expressions of others in pain,Fang Cui; Abdel R Abdelgabar; C. Keysers; V. Gazzola,NeuroImage
KeAD2aapwbaf-v8bJm9ovxuFQ,KeAD2aapwbaf,v8bJm9ovxuFQ,flanker,Flanker Task,"VideoFullResp–VideoSharedResp (punc < 0.001, k > 10, survived qFDR < 0.05).",Responsibility modulates pain-matrix activation elicited by the expressions of others in pain,Fang Cui; Abdel R Abdelgabar; C. Keysers; V. Gazzola,NeuroImage
KeAD2aapwbaf-vxrtrWgzcdW3,KeAD2aapwbaf,vxrtrWgzcdW3,flanker,Flanker Task,t0010,Responsibility modulates pain-matrix activation elicited by the expressions of others in pain,Fang Cui; Abdel R Abdelgabar; C. Keysers; V. Gazzola,NeuroImage
KeAD2aapwbaf-wer7sjmVwiuo,KeAD2aapwbaf,wer7sjmVwiuo,flanker,Flanker Task,t0030,Responsibility modulates pain-matrix activation elicited by the expressions of others in pain,Fang Cui; Abdel R Abdelgabar; C. Keysers; V. Gazzola,NeuroImage
KmpiaxKmDM6F-HDK2S8Zj8FZE,KmpiaxKmDM6F,HDK2S8Zj8FZE,flanker,Affective variant of the flanker task,(A) Patients>Controls Patths originating from mPFC,Early life trauma and directional brain connectivity within major depression,M. Grant; D. White; J. Hadley; Nathan L. Hutcheson; R. Shelton; K. Sreenivasan; G. Deshpande,Human Brain Mapping
KmpiaxKmDM6F-TDpyWmhwLjSt,KmpiaxKmDM6F,TDpyWmhwLjSt,flanker,Affective variant of the flanker task,B. Controls>Patients Paths originating from DLPFC,Early life trauma and directional brain connectivity within major depression,M. Grant; D. White; J. Hadley; Nathan L. Hutcheson; R. Shelton; K. Sreenivasan; G. Deshpande,Human Brain Mapping
LK2uvbyHYRNh-93DUqLz7G2G7,LK2uvbyHYRNh,93DUqLz7G2G7,flanker,Go/No Go Eriksen flanker paradigm,MD-NSSI < MD-only,Neural Signatures of Error Processing in Depressed Adolescents with Comorbid Non-Suicidal Self-Injury (NSSI),K. Malejko; S. Hafner; Rebecca C. Brown; P. Plener; G. Grön; H. Graf; B. Abler,Biomedicines
LK2uvbyHYRNh-DRBQAHz77Vvg,LK2uvbyHYRNh,DRBQAHz77Vvg,flanker,Go/No Go Eriksen flanker paradigm,HC < MD-only-2,Neural Signatures of Error Processing in Depressed Adolescents with Comorbid Non-Suicidal Self-Injury (NSSI),K. Malejko; S. Hafner; Rebecca C. Brown; P. Plener; G. Grön; H. Graf; B. Abler,Biomedicines
LK2uvbyHYRNh-LC4j8fRvPFAm,LK2uvbyHYRNh,LC4j8fRvPFAm,flanker,Go/No Go Eriksen flanker paradigm,HC < MD-NSSI,Neural Signatures of Error Processing in Depressed Adolescents with Comorbid Non-Suicidal Self-Injury (NSSI),K. Malejko; S. Hafner; Rebecca C. Brown; P. Plener; G. Grön; H. Graf; B. Abler,Biomedicines
LK2uvbyHYRNh-MmVDNx4aDxcV,LK2uvbyHYRNh,MmVDNx4aDxcV,flanker,Go/No Go Eriksen flanker paradigm,MD-NSSI < HC,Neural Signatures of Error Processing in Depressed Adolescents with Comorbid Non-Suicidal Self-Injury (NSSI),K. Malejko; S. Hafner; Rebecca C. Brown; P. Plener; G. Grön; H. Graf; B. Abler,Biomedicines
LK2uvbyHYRNh-oAXPKmsvffZn,LK2uvbyHYRNh,oAXPKmsvffZn,flanker,Go/No Go Eriksen flanker paradigm,MD-only < MD-NSSI,Neural Signatures of Error Processing in Depressed Adolescents with Comorbid Non-Suicidal Self-Injury (NSSI),K. Malejko; S. Hafner; Rebecca C. Brown; P. Plener; G. Grön; H. Graf; B. Abler,Biomedicines
LK2uvbyHYRNh-ooUxYqZsqL7C,LK2uvbyHYRNh,ooUxYqZsqL7C,flanker,Go/No Go Eriksen flanker paradigm,HC < MD-only,Neural Signatures of Error Processing in Depressed Adolescents with Comorbid Non-Suicidal Self-Injury (NSSI),K. Malejko; S. Hafner; Rebecca C. Brown; P. Plener; G. Grön; H. Graf; B. Abler,Biomedicines
LK2uvbyHYRNh-wLC5FhDiXSQ6,LK2uvbyHYRNh,wLC5FhDiXSQ6,flanker,Go/No Go Eriksen flanker paradigm,MD-NSSI < MD-only-2,Neural Signatures of Error Processing in Depressed Adolescents with Comorbid Non-Suicidal Self-Injury (NSSI),K. Malejko; S. Hafner; Rebecca C. Brown; P. Plener; G. Grön; H. Graf; B. Abler,Biomedicines
LKzAq93jtcwC-FLRCiVFMGWrH,LKzAq93jtcwC,FLRCiVFMGWrH,flanker,Reward Flanker Task,Attainment vs. Anticipation,Neural correlates of RDoC reward constructs in adolescents with diverse psychiatric symptoms: A Reward Flanker Task pilot study.,Kailyn A. L. Bradley; J. Case; Rachel D. Freed; E. Stern; Vilma Gabbay,Journal of Affective Disorders
LKzAq93jtcwC-GGpiqZd7Q6M6,LKzAq93jtcwC,GGpiqZd7Q6M6,flanker,Reward Flanker Task,Anticipation vs. Attainment,Neural correlates of RDoC reward constructs in adolescents with diverse psychiatric symptoms: A Reward Flanker Task pilot study.,Kailyn A. L. Bradley; J. Case; Rachel D. Freed; E. Stern; Vilma Gabbay,Journal of Affective Disorders
LKzAq93jtcwC-KRqyhWKZzxDP,LKzAq93jtcwC,KRqyhWKZzxDP,flanker,Reward Flanker Task,Positive Prediction Error,Neural correlates of RDoC reward constructs in adolescents with diverse psychiatric symptoms: A Reward Flanker Task pilot study.,Kailyn A. L. Bradley; J. Case; Rachel D. Freed; E. Stern; Vilma Gabbay,Journal of Affective Disorders
LKzAq93jtcwC-wHxoKxdYb6QL,LKzAq93jtcwC,wHxoKxdYb6QL,flanker,Reward Flanker Task,SHAPS and Reward Anticipation(+Correlation),Neural correlates of RDoC reward constructs in adolescents with diverse psychiatric symptoms: A Reward Flanker Task pilot study.,Kailyn A. L. Bradley; J. Case; Rachel D. Freed; E. Stern; Vilma Gabbay,Journal of Affective Disorders
LKzAq93jtcwC-wQGNY9ku22Ws,LKzAq93jtcwC,wQGNY9ku22Ws,flanker,Reward Flanker Task,SHAPS and PPE(+Correlation),Neural correlates of RDoC reward constructs in adolescents with diverse psychiatric symptoms: A Reward Flanker Task pilot study.,Kailyn A. L. Bradley; J. Case; Rachel D. Freed; E. Stern; Vilma Gabbay,Journal of Affective Disorders
LYs57gYvCACU-6gRVruYMyxab,LYs57gYvCACU,6gRVruYMyxab,flanker,Modified Flanker Task,I > C,What makes your brain suggestible? Hypnotizability is associated with differential brain activity during attention outside hypnosis,Y. Cojan; C. Piguet; Patrik Vuilleumier,NeuroImage
LYs57gYvCACU-GhmASFu6Vjkv,LYs57gYvCACU,GhmASFu6Vjkv,flanker,Modified Flanker Task,IS> IF (positive),What makes your brain suggestible? Hypnotizability is associated with differential brain activity during attention outside hypnosis,Y. Cojan; C. Piguet; Patrik Vuilleumier,NeuroImage
LYs57gYvCACU-HKUy8AWGhYhC,LYs57gYvCACU,HKUy8AWGhYhC,flanker,Modified Flanker Task,Conjunction (correlation hypnosis with S>F and main effect I> C),What makes your brain suggestible? Hypnotizability is associated with differential brain activity during attention outside hypnosis,Y. Cojan; C. Piguet; Patrik Vuilleumier,NeuroImage
LYs57gYvCACU-Q23ba5BvWLxn,LYs57gYvCACU,Q23ba5BvWLxn,flanker,Modified Flanker Task,C > I,What makes your brain suggestible? Hypnotizability is associated with differential brain activity during attention outside hypnosis,Y. Cojan; C. Piguet; Patrik Vuilleumier,NeuroImage
LYs57gYvCACU-RiNSLoCpdAW5,LYs57gYvCACU,RiNSLoCpdAW5,flanker,Modified Flanker Task,I> C (positive),What makes your brain suggestible? Hypnotizability is associated with differential brain activity during attention outside hypnosis,Y. Cojan; C. Piguet; Patrik Vuilleumier,NeuroImage
LYs57gYvCACU-aEUXg5bjwCY3,LYs57gYvCACU,aEUXg5bjwCY3,flanker,Modified Flanker Task,F > S S > F,What makes your brain suggestible? Hypnotizability is associated with differential brain activity during attention outside hypnosis,Y. Cojan; C. Piguet; Patrik Vuilleumier,NeuroImage
LYs57gYvCACU-f33tHVUP6bDY,LYs57gYvCACU,f33tHVUP6bDY,flanker,Modified Flanker Task,A. Main effect of connectivity,What makes your brain suggestible? Hypnotizability is associated with differential brain activity during attention outside hypnosis,Y. Cojan; C. Piguet; Patrik Vuilleumier,NeuroImage
LYs57gYvCACU-jNLhYwa3FVzy,LYs57gYvCACU,jNLhYwa3FVzy,flanker,Modified Flanker Task,B. Correlation of connectivity with hypnosis susceptibility,What makes your brain suggestible? Hypnotizability is associated with differential brain activity during attention outside hypnosis,Y. Cojan; C. Piguet; Patrik Vuilleumier,NeuroImage
LYs57gYvCACU-oTq52wSewCTv,LYs57gYvCACU,oTq52wSewCTv,flanker,Modified Flanker Task,F> S (negative),What makes your brain suggestible? Hypnotizability is associated with differential brain activity during attention outside hypnosis,Y. Cojan; C. Piguet; Patrik Vuilleumier,NeuroImage
LbNkriA3n2hZ-8U4Qkco3ZZhs,LbNkriA3n2hZ,8U4Qkco3ZZhs,flanker,Ray Auditory Verbal Learning Test (RAVLT) | Modified Flanker Task | Resting-state fMRI,LPI group,Altered static and dynamic spontaneous neural activity in patients with ischemic pontine stroke,Xin Wang; Caihong Wang; Jingchun Liu; Jun Guo; Peifang Miao; Ying Wei; Yingying Wang; Zhen Li; Jie Li; Kaiyu Wang; Yong Zhang; Jingliang Cheng; C. Ren,Frontiers in Neuroscience
LbNkriA3n2hZ-Dxa4y9qgb8Ve,LbNkriA3n2hZ,Dxa4y9qgb8Ve,flanker,Ray Auditory Verbal Learning Test (RAVLT) | Modified Flanker Task | Resting-state fMRI,LPI group-2,Altered static and dynamic spontaneous neural activity in patients with ischemic pontine stroke,Xin Wang; Caihong Wang; Jingchun Liu; Jun Guo; Peifang Miao; Ying Wei; Yingying Wang; Zhen Li; Jie Li; Kaiyu Wang; Yong Zhang; Jingliang Cheng; C. Ren,Frontiers in Neuroscience
LbNkriA3n2hZ-bwiLsQt9nBgv,LbNkriA3n2hZ,bwiLsQt9nBgv,flanker,Ray Auditory Verbal Learning Test (RAVLT) | Modified Flanker Task | Resting-state fMRI,RPI group-3,Altered static and dynamic spontaneous neural activity in patients with ischemic pontine stroke,Xin Wang; Caihong Wang; Jingchun Liu; Jun Guo; Peifang Miao; Ying Wei; Yingying Wang; Zhen Li; Jie Li; Kaiyu Wang; Yong Zhang; Jingliang Cheng; C. Ren,Frontiers in Neuroscience
LbNkriA3n2hZ-iKMFXju9bY3q,LbNkriA3n2hZ,iKMFXju9bY3q,flanker,Ray Auditory Verbal Learning Test (RAVLT) | Modified Flanker Task | Resting-state fMRI,RPI group-2,Altered static and dynamic spontaneous neural activity in patients with ischemic pontine stroke,Xin Wang; Caihong Wang; Jingchun Liu; Jun Guo; Peifang Miao; Ying Wei; Yingying Wang; Zhen Li; Jie Li; Kaiyu Wang; Yong Zhang; Jingliang Cheng; C. Ren,Frontiers in Neuroscience
LbNkriA3n2hZ-qcVEUZVR5HTn,LbNkriA3n2hZ,qcVEUZVR5HTn,flanker,Ray Auditory Verbal Learning Test (RAVLT) | Modified Flanker Task | Resting-state fMRI,RPI group,Altered static and dynamic spontaneous neural activity in patients with ischemic pontine stroke,Xin Wang; Caihong Wang; Jingchun Liu; Jun Guo; Peifang Miao; Ying Wei; Yingying Wang; Zhen Li; Jie Li; Kaiyu Wang; Yong Zhang; Jingliang Cheng; C. Ren,Frontiers in Neuroscience
LhDecKrEtm2v-aToFKTuakZhQ,LhDecKrEtm2v,aToFKTuakZhQ,flanker,Modified Eriksen Flanker Task,t2,Overall reductions in functional brain activation are associated with falls in older adults: an fMRI study,L. Nagamatsu; L. Boyd; C. Hsu; T. Handy; T. Liu-Ambrose,Frontiers in Aging Neuroscience
LiKnc7LGfGWR-G8m4S6qYdjxT,LiKnc7LGfGWR,G8m4S6qYdjxT,flanker,Flanker Task,Regions showing increased error-related activation in OCD patients compared to healthy control participants.,Error-related activity of the sensorimotor network contributes to the prediction of response to cognitive-behavioral therapy in obsessive–compulsive disorder,Rosa Grützmann; Julia Klawohn; B. Elsner; B. Reuter; C. Kaufmann; A. Riesel; K. Bey; S. Heinzel; N. Kathmann,NeuroImage: Clinical
M5wuJAkZFAqN-PgmJxpfyqCmh,M5wuJAkZFAqN,PgmJxpfyqCmh,flanker,Home Training Task | Emotional Interference Task | Arrow-Flanker Task,Whole-brain analysis of the emotion task for negative compared to neutral trials across the three time-points.,Using executive control training to suppress amygdala reactivity to aversive information,N. Cohen; D. Margulies; S. Ashkenazi; A. Schäfer; M. Taubert; A. Henik; A. Villringer; H. Okon-Singer,NeuroImage
N93XpnNKzpqy-5NjhacEhfijj,N93XpnNKzpqy,5NjhacEhfijj,flanker,Visual Search Task | Flanker Task,ROIS THAT REVEALED AN INCREASED ACTIVATION FOR THE COORDINATION GROUP FROM t1 TO t3 AND NO CHANGE OR DECREASE IN THE OTHER TWO GROUPS,Cardiovascular and Coordination Training Differentially Improve Cognitive Performance and Neural Processing in Older Adults,C. Voelcker-Rehage; B. Godde; U. Staudinger,Frontiers in Human Neuroscience
N93XpnNKzpqy-U7qZnkVVVVbR,N93XpnNKzpqy,U7qZnkVVVVbR,flanker,Visual Search Task | Flanker Task,ROIS THAT SHOWED AN INCREASED ACTIVATION FOR THE CONTROL GROUP FROM t1 TO t3 AND (NEARLY) NO CHANGE FOR THE TWO EXPERIMENTAL GROUPS,Cardiovascular and Coordination Training Differentially Improve Cognitive Performance and Neural Processing in Older Adults,C. Voelcker-Rehage; B. Godde; U. Staudinger,Frontiers in Human Neuroscience
N93XpnNKzpqy-uJkjwyG37VHv,N93XpnNKzpqy,uJkjwyG37VHv,flanker,Visual Search Task | Flanker Task,ROIS THAT REVEALED A DECREASED ACTIVATION FOR THE CARDIOVASCULAR GROUP FROM t1 TO t3 AND AN INCREASED ACTIVATION IN THE CONTROL GROUP,Cardiovascular and Coordination Training Differentially Improve Cognitive Performance and Neural Processing in Older Adults,C. Voelcker-Rehage; B. Godde; U. Staudinger,Frontiers in Human Neuroscience
NrQ5NGFWPat7-7WFYvCVFSdtR,NrQ5NGFWPat7,7WFYvCVFSdtR,flanker,Dual task (Flanker with Ankle),Dual task,Brain activity associated with Dual‐task performance of Ankle motor control during cognitive challenge,Sue Peters; J. Eng; T. Liu-Ambrose; M. Borich; E. Dao; Ameen Amanian; L. Boyd,Brain and Behavior
NrQ5NGFWPat7-HHUCPMrC3DPL,NrQ5NGFWPat7,HHUCPMrC3DPL,flanker,Dual task (Flanker with Ankle),Ankle,Brain activity associated with Dual‐task performance of Ankle motor control during cognitive challenge,Sue Peters; J. Eng; T. Liu-Ambrose; M. Borich; E. Dao; Ameen Amanian; L. Boyd,Brain and Behavior
NrQ5NGFWPat7-oJ2BMFVXuxh8,NrQ5NGFWPat7,oJ2BMFVXuxh8,flanker,Dual task (Flanker with Ankle),Flanker,Brain activity associated with Dual‐task performance of Ankle motor control during cognitive challenge,Sue Peters; J. Eng; T. Liu-Ambrose; M. Borich; E. Dao; Ameen Amanian; L. Boyd,Brain and Behavior
PFUW4eicuwCV-EXqHdSM82kAe,PFUW4eicuwCV,EXqHdSM82kAe,flanker,Stroop Task | Flanker Task,Stroop,Functional cerebral asymmetry analyses reveal how the control system implements its flexibility,Zhencai Chen; Xiaoyue Zhao; Jin Fan; Antao Chen,Human Brain Mapping
PFUW4eicuwCV-HenqJGQ3dRZ2,PFUW4eicuwCV,HenqJGQ3dRZ2,flanker,Stroop Task | Flanker Task,Stroop>flanker,Functional cerebral asymmetry analyses reveal how the control system implements its flexibility,Zhencai Chen; Xiaoyue Zhao; Jin Fan; Antao Chen,Human Brain Mapping
PFUW4eicuwCV-J5KAiCNTqVXy,PFUW4eicuwCV,J5KAiCNTqVXy,flanker,Stroop Task | Flanker Task,LDLPFC,Functional cerebral asymmetry analyses reveal how the control system implements its flexibility,Zhencai Chen; Xiaoyue Zhao; Jin Fan; Antao Chen,Human Brain Mapping
PFUW4eicuwCV-K5bgZp92eS5P,PFUW4eicuwCV,K5bgZp92eS5P,flanker,Stroop Task | Flanker Task,RDLPFC-2,Functional cerebral asymmetry analyses reveal how the control system implements its flexibility,Zhencai Chen; Xiaoyue Zhao; Jin Fan; Antao Chen,Human Brain Mapping
PFUW4eicuwCV-NTUT7YfowVBa,PFUW4eicuwCV,NTUT7YfowVBa,flanker,Stroop Task | Flanker Task,DLPFC total effects,Functional cerebral asymmetry analyses reveal how the control system implements its flexibility,Zhencai Chen; Xiaoyue Zhao; Jin Fan; Antao Chen,Human Brain Mapping
PFUW4eicuwCV-TyJqGxnPiVmL,PFUW4eicuwCV,TyJqGxnPiVmL,flanker,Stroop Task | Flanker Task,Stroop-2,Functional cerebral asymmetry analyses reveal how the control system implements its flexibility,Zhencai Chen; Xiaoyue Zhao; Jin Fan; Antao Chen,Human Brain Mapping
PFUW4eicuwCV-WkxvFNaiotmn,PFUW4eicuwCV,WkxvFNaiotmn,flanker,Stroop Task | Flanker Task,LDLPFC-2,Functional cerebral asymmetry analyses reveal how the control system implements its flexibility,Zhencai Chen; Xiaoyue Zhao; Jin Fan; Antao Chen,Human Brain Mapping
PFUW4eicuwCV-bKaRJQJgf97A,PFUW4eicuwCV,bKaRJQJgf97A,flanker,Stroop Task | Flanker Task,FCLI:LDLPFC vs. RDLPFC,Functional cerebral asymmetry analyses reveal how the control system implements its flexibility,Zhencai Chen; Xiaoyue Zhao; Jin Fan; Antao Chen,Human Brain Mapping
PFUW4eicuwCV-eVGjo5ZdNTCF,PFUW4eicuwCV,eVGjo5ZdNTCF,flanker,Stroop Task | Flanker Task,DLPFC total effects-2,Functional cerebral asymmetry analyses reveal how the control system implements its flexibility,Zhencai Chen; Xiaoyue Zhao; Jin Fan; Antao Chen,Human Brain Mapping
PFUW4eicuwCV-isK8scLjs8MD,PFUW4eicuwCV,isK8scLjs8MD,flanker,Stroop Task | Flanker Task,Conjunction: LDLPFC and RDLPFC,Functional cerebral asymmetry analyses reveal how the control system implements its flexibility,Zhencai Chen; Xiaoyue Zhao; Jin Fan; Antao Chen,Human Brain Mapping
PFUW4eicuwCV-kwdZUrvS5TZM,PFUW4eicuwCV,kwdZUrvS5TZM,flanker,Stroop Task | Flanker Task,Flanker,Functional cerebral asymmetry analyses reveal how the control system implements its flexibility,Zhencai Chen; Xiaoyue Zhao; Jin Fan; Antao Chen,Human Brain Mapping
PFUW4eicuwCV-uxZqq9u9xqmz,PFUW4eicuwCV,uxZqq9u9xqmz,flanker,Stroop Task | Flanker Task,Flanker-2,Functional cerebral asymmetry analyses reveal how the control system implements its flexibility,Zhencai Chen; Xiaoyue Zhao; Jin Fan; Antao Chen,Human Brain Mapping
PFUW4eicuwCV-yVsva25tvMNs,PFUW4eicuwCV,yVsva25tvMNs,flanker,Stroop Task | Flanker Task,Stroop and flanker conjunction,Functional cerebral asymmetry analyses reveal how the control system implements its flexibility,Zhencai Chen; Xiaoyue Zhao; Jin Fan; Antao Chen,Human Brain Mapping
PGWT2XD23YT2-ALCqe63B9Erj,PGWT2XD23YT2,ALCqe63B9Erj,flanker,Flanker Task | Nonsymbolic Number Comparison Task,"Correlation with math achievement controlling for verbal IQ, flanker accuracy, and age","Attention to number: The convergence of numerical magnitude processing, attention, and mathematics in the inferior frontal gyrus",E. Wilkey; G. Price,Human Brain Mapping
PGWT2XD23YT2-AotgApRRaMkH,PGWT2XD23YT2,AotgApRRaMkH,flanker,Flanker Task | Nonsymbolic Number Comparison Task,Correlation with math achievement controlling for verbal IQ,"Attention to number: The convergence of numerical magnitude processing, attention, and mathematics in the inferior frontal gyrus",E. Wilkey; G. Price,Human Brain Mapping
PGWT2XD23YT2-PZEUSEhbGHEh,PGWT2XD23YT2,PZEUSEhbGHEh,flanker,Flanker Task | Nonsymbolic Number Comparison Task,Negative effects=(small ratio>large ratio),"Attention to number: The convergence of numerical magnitude processing, attention, and mathematics in the inferior frontal gyrus",E. Wilkey; G. Price,Human Brain Mapping
PGWT2XD23YT2-UAV3eZgzhC6n,PGWT2XD23YT2,UAV3eZgzhC6n,flanker,Flanker Task | Nonsymbolic Number Comparison Task,5,"Attention to number: The convergence of numerical magnitude processing, attention, and mathematics in the inferior frontal gyrus",E. Wilkey; G. Price,Human Brain Mapping
PGWT2XD23YT2-YSpd8ayvX76K,PGWT2XD23YT2,YSpd8ayvX76K,flanker,Flanker Task | Nonsymbolic Number Comparison Task,Correlation with math achievement,"Attention to number: The convergence of numerical magnitude processing, attention, and mathematics in the inferior frontal gyrus",E. Wilkey; G. Price,Human Brain Mapping
PGWT2XD23YT2-d3PvptbRHiQe,PGWT2XD23YT2,d3PvptbRHiQe,flanker,Flanker Task | Nonsymbolic Number Comparison Task,Positive effects=(large ratio>small ratio),"Attention to number: The convergence of numerical magnitude processing, attention, and mathematics in the inferior frontal gyrus",E. Wilkey; G. Price,Human Brain Mapping
PGWT2XD23YT2-eyA8TbFW8NNW,PGWT2XD23YT2,eyA8TbFW8NNW,flanker,Flanker Task | Nonsymbolic Number Comparison Task,Negative effects,"Attention to number: The convergence of numerical magnitude processing, attention, and mathematics in the inferior frontal gyrus",E. Wilkey; G. Price,Human Brain Mapping
PGWT2XD23YT2-p3XqLkurYNLB,PGWT2XD23YT2,p3XqLkurYNLB,flanker,Flanker Task | Nonsymbolic Number Comparison Task,Positive effects=(incongruent>congruent),"Attention to number: The convergence of numerical magnitude processing, attention, and mathematics in the inferior frontal gyrus",E. Wilkey; G. Price,Human Brain Mapping
PGWT2XD23YT2-uH4dK6JYdQKE,PGWT2XD23YT2,uH4dK6JYdQKE,flanker,Flanker Task | Nonsymbolic Number Comparison Task,Negative effects=(congruent>incongruent),"Attention to number: The convergence of numerical magnitude processing, attention, and mathematics in the inferior frontal gyrus",E. Wilkey; G. Price,Human Brain Mapping
PGWT2XD23YT2-urQrCQmMEbVb,PGWT2XD23YT2,urQrCQmMEbVb,flanker,Flanker Task | Nonsymbolic Number Comparison Task,Positive effects,"Attention to number: The convergence of numerical magnitude processing, attention, and mathematics in the inferior frontal gyrus",E. Wilkey; G. Price,Human Brain Mapping
PZre5RayWacD-dVDv7BwJE3M9,PZre5RayWacD,dVDv7BwJE3M9,flanker,Eriksen's Flanker Task,Talairach coordinates,Rostral Cingulate Zone and correct response monitoring: ICA and source localization evidences for the unicity of correct- and error-negativities,C. Roger; C. Bénar; F. Vidal; T. Hasbroucq; B. Burle,NeuroImage
PZre5RayWacD-z59hrzzwEwtP,PZre5RayWacD,z59hrzzwEwtP,flanker,Eriksen's Flanker Task,MNI coordinates,Rostral Cingulate Zone and correct response monitoring: ICA and source localization evidences for the unicity of correct- and error-negativities,C. Roger; C. Bénar; F. Vidal; T. Hasbroucq; B. Burle,NeuroImage
PjbjxDT6mb5i-9nvTYKLJHkJP,PjbjxDT6mb5i,9nvTYKLJHkJP,flanker,Eriksen Flanker Task and Free Selection Task,FREE* vs. COMPATIBLE*,Dissociating response selection and conflict in the medial frontal surface,H. Lau; R. Rogers; R. Passingham,NeuroImage
PjbjxDT6mb5i-KrnbWCuaXHrr,PjbjxDT6mb5i,KrnbWCuaXHrr,flanker,Eriksen Flanker Task and Free Selection Task,INCOMPATIBLE vs. COMPATIBLE,Dissociating response selection and conflict in the medial frontal surface,H. Lau; R. Rogers; R. Passingham,NeuroImage
PjbjxDT6mb5i-LrArNe2vDX9d,PjbjxDT6mb5i,LrArNe2vDX9d,flanker,Eriksen Flanker Task and Free Selection Task,FREE vs. COMPATIBLE,Dissociating response selection and conflict in the medial frontal surface,H. Lau; R. Rogers; R. Passingham,NeuroImage
PuEBcXVh3amA-Qas43VyZ3kqu,PuEBcXVh3amA,Qas43VyZ3kqu,flanker,Flanker Task,IncSm > ConSm (Low inhibitory executive demand),Cardiovascular risks and brain function: a functional magnetic resonance imaging study of executive function in older adults,Y. Chuang; D. Eldreth; K. Erickson; V. Varma; Gregory C. Harris; L. Fried; G. Rebok; E. Tanner; M. Carlson,Neurobiology of Aging
PuEBcXVh3amA-UwjfJnKdFeGK,PuEBcXVh3amA,UwjfJnKdFeGK,flanker,Flanker Task,IncLg > ConLg (High inhibitory executive demand),Cardiovascular risks and brain function: a functional magnetic resonance imaging study of executive function in older adults,Y. Chuang; D. Eldreth; K. Erickson; V. Varma; Gregory C. Harris; L. Fried; G. Rebok; E. Tanner; M. Carlson,Neurobiology of Aging
PuEBcXVh3amA-qp3vU9aa4TfK,PuEBcXVh3amA,qp3vU9aa4TfK,flanker,Flanker Task,IncLg > ConLg,Cardiovascular risks and brain function: a functional magnetic resonance imaging study of executive function in older adults,Y. Chuang; D. Eldreth; K. Erickson; V. Varma; Gregory C. Harris; L. Fried; G. Rebok; E. Tanner; M. Carlson,Neurobiology of Aging
RD4cRGRVjnm6-E2eTinu4Ttzv,RD4cRGRVjnm6,E2eTinu4Ttzv,flanker,Cued Flanker Task,Positive interaction,Stimulus-Driven Reorienting Impairs Executive Control of Attention: Evidence for a Common Bottleneck in Anterior Insula,Fynn-Mathis Trautwein; T. Singer; Philipp Kanske,Cerebral Cortex
RD4cRGRVjnm6-QWE6io2bHEh6,RD4cRGRVjnm6,QWE6io2bHEh6,flanker,Cued Flanker Task,Negative interaction,Stimulus-Driven Reorienting Impairs Executive Control of Attention: Evidence for a Common Bottleneck in Anterior Insula,Fynn-Mathis Trautwein; T. Singer; Philipp Kanske,Cerebral Cortex
RD4cRGRVjnm6-RrmGFM7ZzMRY,RD4cRGRVjnm6,RrmGFM7ZzMRY,flanker,Cued Flanker Task,Conjunction: Executive control ∩ Stimulus-driven reorienting,Stimulus-Driven Reorienting Impairs Executive Control of Attention: Evidence for a Common Bottleneck in Anterior Insula,Fynn-Mathis Trautwein; T. Singer; Philipp Kanske,Cerebral Cortex
RD4cRGRVjnm6-fkdVemqMQeKU,RD4cRGRVjnm6,fkdVemqMQeKU,flanker,Cued Flanker Task,Stimulus-driven reorienting (invalid congruent > valid congruent),Stimulus-Driven Reorienting Impairs Executive Control of Attention: Evidence for a Common Bottleneck in Anterior Insula,Fynn-Mathis Trautwein; T. Singer; Philipp Kanske,Cerebral Cortex
RD4cRGRVjnm6-mucmBRwfkSvr,RD4cRGRVjnm6,mucmBRwfkSvr,flanker,Cued Flanker Task,Executive control (valid incongruent > valid congruent),Stimulus-Driven Reorienting Impairs Executive Control of Attention: Evidence for a Common Bottleneck in Anterior Insula,Fynn-Mathis Trautwein; T. Singer; Philipp Kanske,Cerebral Cortex
RJRUxjxxgWaR-Vd7YLWNm74Ez,RJRUxjxxgWaR,Vd7YLWNm74Ez,flanker,Modified Flanker Task,Age-15 Irritability by Conflict,Cross-sectional and longitudinal associations of anxiety and irritability with adolescents' neural responses to cognitive conflict.,Elise M. Cardinale; J. Bezek; S. Morales; Courtney A. Filippi; Ashley R. Smith; S. Haller; Emilio A. Valadez; Anita Harrewijn; Dominique Phillips; A. Chronis-Tuscano; M. Brotman; N. Fox; D. Pine; E. Leibenluft; K. Kircanski,Biological Psychiatry: Cognitive Neuroscience and Neuroimaging
RJRUxjxxgWaR-ZGo2AhzAnKi3,RJRUxjxxgWaR,ZGo2AhzAnKi3,flanker,Modified Flanker Task,Anxiety Trajectory by Irritability Trajectory by Error,Cross-sectional and longitudinal associations of anxiety and irritability with adolescents' neural responses to cognitive conflict.,Elise M. Cardinale; J. Bezek; S. Morales; Courtney A. Filippi; Ashley R. Smith; S. Haller; Emilio A. Valadez; Anita Harrewijn; Dominique Phillips; A. Chronis-Tuscano; M. Brotman; N. Fox; D. Pine; E. Leibenluft; K. Kircanski,Biological Psychiatry: Cognitive Neuroscience and Neuroimaging
RJRUxjxxgWaR-iyQ9xaXoyqYr,RJRUxjxxgWaR,iyQ9xaXoyqYr,flanker,Modified Flanker Task,Anxiety Trajectory by Irritability Trajectory by Conflict,Cross-sectional and longitudinal associations of anxiety and irritability with adolescents' neural responses to cognitive conflict.,Elise M. Cardinale; J. Bezek; S. Morales; Courtney A. Filippi; Ashley R. Smith; S. Haller; Emilio A. Valadez; Anita Harrewijn; Dominique Phillips; A. Chronis-Tuscano; M. Brotman; N. Fox; D. Pine; E. Leibenluft; K. Kircanski,Biological Psychiatry: Cognitive Neuroscience and Neuroimaging
RJRUxjxxgWaR-qpz9Jcjr5kQ5,RJRUxjxxgWaR,qpz9Jcjr5kQ5,flanker,Modified Flanker Task,Age-15 Anxiety by Conflict,Cross-sectional and longitudinal associations of anxiety and irritability with adolescents' neural responses to cognitive conflict.,Elise M. Cardinale; J. Bezek; S. Morales; Courtney A. Filippi; Ashley R. Smith; S. Haller; Emilio A. Valadez; Anita Harrewijn; Dominique Phillips; A. Chronis-Tuscano; M. Brotman; N. Fox; D. Pine; E. Leibenluft; K. Kircanski,Biological Psychiatry: Cognitive Neuroscience and Neuroimaging
RRkurn2VWesc-xbvjcA6LPg8W,RRkurn2VWesc,xbvjcA6LPg8W,flanker,Flanker Task,rSFG,It is more than Interference: Examining the neurohemodynamic correlates of the flanker task with functional near‐infrared spectroscopy,Christoph F Geissler Geißler; M. Hofmann; C. Frings,European Journal of Neuroscience
RmghokCns7Ge-KkwrgpRohVJ3,RmghokCns7Ge,KkwrgpRohVJ3,flanker,Erikson-flanker Go/NoGo-paradigm,MD > HC,Neural signature of error processing in major depression,K. Malejko; Stefan Hafner; P. Plener; Martina Bonenberger; G. Groen; B. Abler; H. Graf,European Archives of Psychiatry and Clinical Neuroscience
SWnZVj5JBhHU-DR7AQLRuX8a6,SWnZVj5JBhHU,DR7AQLRuX8a6,flanker,Modified Flanker Task,Error > Malfunction,When goals are missed: Dealing with self-generated and externally induced failure,M. Ullsperger; H. Nittono; D. von Cramon,NeuroImage
SWnZVj5JBhHU-FKnzepuAjfyK,SWnZVj5JBhHU,FKnzepuAjfyK,flanker,Modified Flanker Task,Error correction time-2,When goals are missed: Dealing with self-generated and externally induced failure,M. Ullsperger; H. Nittono; D. von Cramon,NeuroImage
SWnZVj5JBhHU-SyekwcT92ZJ8,SWnZVj5JBhHU,SyekwcT92ZJ8,flanker,Modified Flanker Task,Malfunction compensation time,When goals are missed: Dealing with self-generated and externally induced failure,M. Ullsperger; H. Nittono; D. von Cramon,NeuroImage
SWnZVj5JBhHU-oxVMoHrmv4Sm,SWnZVj5JBhHU,oxVMoHrmv4Sm,flanker,Modified Flanker Task,Malfunction > Error,When goals are missed: Dealing with self-generated and externally induced failure,M. Ullsperger; H. Nittono; D. von Cramon,NeuroImage
SWnZVj5JBhHU-pZyjNpVXvcDz,SWnZVj5JBhHU,pZyjNpVXvcDz,flanker,Modified Flanker Task,Malfunction compensation time-2,When goals are missed: Dealing with self-generated and externally induced failure,M. Ullsperger; H. Nittono; D. von Cramon,NeuroImage
SWnZVj5JBhHU-vgWKznwPsF23,SWnZVj5JBhHU,vgWKznwPsF23,flanker,Modified Flanker Task,Error correction time,When goals are missed: Dealing with self-generated and externally induced failure,M. Ullsperger; H. Nittono; D. von Cramon,NeuroImage
TCqLNXESU2jQ-cTTba2vAyKXo,TCqLNXESU2jQ,cTTba2vAyKXo,flanker,Flanker Task modeled after the Attention Network Test (ANT),Arrow stimuli,Social stimuli interfere with cognitive control in autism,G. Dichter; A. Belger,NeuroImage
TCqLNXESU2jQ-qUqwtVTBsmJa,TCqLNXESU2jQ,qUqwtVTBsmJa,flanker,Flanker Task modeled after the Attention Network Test (ANT),Gaze stimuli,Social stimuli interfere with cognitive control in autism,G. Dichter; A. Belger,NeuroImage
TVj4wVA6bJST-22rbUhKroN92,TVj4wVA6bJST,22rbUhKroN92,flanker,Flanker Task,Flanker Effect: Differences by Sex (Male > Female),Neural oscillations underlying selective attention follow sexually divergent developmental trajectories during adolescence,Brittany K. Taylor; Jacob A. Eastman; Michaela R. Frenzel; Christine M. Embury; Yu-ping Wang; V. Calhoun; J. Stephen; T. Wilson,Developmental Cognitive Neuroscience
TVj4wVA6bJST-AiEEPLWeVDST,TVj4wVA6bJST,AiEEPLWeVDST,flanker,Flanker Task,Flanker Effect: Age x Sex Interactions,Neural oscillations underlying selective attention follow sexually divergent developmental trajectories during adolescence,Brittany K. Taylor; Jacob A. Eastman; Michaela R. Frenzel; Christine M. Embury; Yu-ping Wang; V. Calhoun; J. Stephen; T. Wilson,Developmental Cognitive Neuroscience
TVj4wVA6bJST-bhZAKP7i2EDf,TVj4wVA6bJST,bhZAKP7i2EDf,flanker,Flanker Task,Flanker Effect (Incongruent > Congruent),Neural oscillations underlying selective attention follow sexually divergent developmental trajectories during adolescence,Brittany K. Taylor; Jacob A. Eastman; Michaela R. Frenzel; Christine M. Embury; Yu-ping Wang; V. Calhoun; J. Stephen; T. Wilson,Developmental Cognitive Neuroscience
TVj4wVA6bJST-uWpr428iqQZY,TVj4wVA6bJST,uWpr428iqQZY,flanker,Flanker Task,Flanker Effect: Correlations with Age,Neural oscillations underlying selective attention follow sexually divergent developmental trajectories during adolescence,Brittany K. Taylor; Jacob A. Eastman; Michaela R. Frenzel; Christine M. Embury; Yu-ping Wang; V. Calhoun; J. Stephen; T. Wilson,Developmental Cognitive Neuroscience
UJjRHaw27hv5-UHck7FzTiyVK,UJjRHaw27hv5,UHck7FzTiyVK,flanker,Eriksen-Flanker/GoNogo Task,Main effects of error signaling for incongruent NoGo trials.,The Modulating Effect of Personality Traits on Neural Error Monitoring: Evidence from Event-Related fMRI,Z. Sosic-Vasic; Martin Ulrich; M. Ruchsow; N. Vasic; G. Grön,PLoS ONE
UV4pDDEQ47pu-SqGynMzBpuuj,UV4pDDEQ47pu,SqGynMzBpuuj,flanker,Event-related reaction time flanker task,Autism Group:,Atypical modulation of cognitive control by arousal in autism,G. Dichter; A. Belger,Psychiatry Research: Neuroimaging
UV4pDDEQ47pu-dHqLNtVveaaF,UV4pDDEQ47pu,dHqLNtVveaaF,flanker,Event-related reaction time flanker task,Neurotypical Group:,Atypical modulation of cognitive control by arousal in autism,G. Dichter; A. Belger,Psychiatry Research: Neuroimaging
UexZQagxWZ4i-Am2LqZ9LsUsm,UexZQagxWZ4i,Am2LqZ9LsUsm,flanker,Speeded Flanker Task,2,Greater externalizing personality traits predict less error‐related insula and anterior cingulate cortex activity in acutely abstinent cigarette smokers,A. Carroll; M. Sutherland; B. Salmeron; T. Ross; E. Stein,Addiction Biology
Uqpx8XSBnxsb-hkRcG9zEPaQJ,Uqpx8XSBnxsb,hkRcG9zEPaQJ,flanker,Arrow-version of Eriksen Flanker Task | Eriksen Flanker Task,pone-0136877-t001,Correlating Gray Matter Volume with Individual Difference in the Flanker Interference Effect,Changming Chen; Jiemin Yang; Jiayu Lai; Hong Li; Jiajin Yuan; N. Abbasi,PLoS ONE
VYmEw7M2dbss-5DMnxBQVUwxt,VYmEw7M2dbss,5DMnxBQVUwxt,flanker,Flanker Task,*Irritability-3,Neural and behavioral correlates of inhibitory control in youths with varying levels of irritability.,Michael T. Liuzzi; M. Kryza-Lacombe; I. Christian; Danielle Palumbo; N. Amir; J. Wiggins,Journal of Affective Disorders
VYmEw7M2dbss-AxHVmwa3bedv,VYmEw7M2dbss,AxHVmwa3bedv,flanker,Flanker Task,*Irritability x Congruency-2,Neural and behavioral correlates of inhibitory control in youths with varying levels of irritability.,Michael T. Liuzzi; M. Kryza-Lacombe; I. Christian; Danielle Palumbo; N. Amir; J. Wiggins,Journal of Affective Disorders
VYmEw7M2dbss-J42Ekta49TQY,VYmEw7M2dbss,J42Ekta49TQY,flanker,Flanker Task,*Irritability-2,Neural and behavioral correlates of inhibitory control in youths with varying levels of irritability.,Michael T. Liuzzi; M. Kryza-Lacombe; I. Christian; Danielle Palumbo; N. Amir; J. Wiggins,Journal of Affective Disorders
VYmEw7M2dbss-YxGbUB4WWtYM,VYmEw7M2dbss,YxGbUB4WWtYM,flanker,Flanker Task,*Irritability,Neural and behavioral correlates of inhibitory control in youths with varying levels of irritability.,Michael T. Liuzzi; M. Kryza-Lacombe; I. Christian; Danielle Palumbo; N. Amir; J. Wiggins,Journal of Affective Disorders
VYmEw7M2dbss-dJ48LXEXvnUK,VYmEw7M2dbss,dJ48LXEXvnUK,flanker,Flanker Task,*Irritability x Congruency,Neural and behavioral correlates of inhibitory control in youths with varying levels of irritability.,Michael T. Liuzzi; M. Kryza-Lacombe; I. Christian; Danielle Palumbo; N. Amir; J. Wiggins,Journal of Affective Disorders
VYmEw7M2dbss-sALQrs6gBqP4,VYmEw7M2dbss,sALQrs6gBqP4,flanker,Flanker Task,*Irritability x Congruency-3,Neural and behavioral correlates of inhibitory control in youths with varying levels of irritability.,Michael T. Liuzzi; M. Kryza-Lacombe; I. Christian; Danielle Palumbo; N. Amir; J. Wiggins,Journal of Affective Disorders
Va4wRXk8TDmk-2bMAztncPaFs,Va4wRXk8TDmk,2bMAztncPaFs,flanker,Spatial Addition Task (SAT) | Flanker Task,More positive association between perceived stress and connectivity in Women compared to Men,"Functional connectivity of resting-state, working memory and inhibition networks in perceived stress",Jo A. Archer; Annie Lee; A. Qiu; S. Annabel Chen,Neurobiology of Stress
Va4wRXk8TDmk-3AVqaJRkotzu,Va4wRXk8TDmk,3AVqaJRkotzu,flanker,Spatial Addition Task (SAT) | Flanker Task,SAT - deactivations-2,"Functional connectivity of resting-state, working memory and inhibition networks in perceived stress",Jo A. Archer; Annie Lee; A. Qiu; S. Annabel Chen,Neurobiology of Stress
Va4wRXk8TDmk-BXWiorN5WG4p,Va4wRXk8TDmk,BXWiorN5WG4p,flanker,Spatial Addition Task (SAT) | Flanker Task,Correlations,"Functional connectivity of resting-state, working memory and inhibition networks in perceived stress",Jo A. Archer; Annie Lee; A. Qiu; S. Annabel Chen,Neurobiology of Stress
Va4wRXk8TDmk-HapDeu2oXhau,Va4wRXk8TDmk,HapDeu2oXhau,flanker,Spatial Addition Task (SAT) | Flanker Task,SAT - activations,"Functional connectivity of resting-state, working memory and inhibition networks in perceived stress",Jo A. Archer; Annie Lee; A. Qiu; S. Annabel Chen,Neurobiology of Stress
Va4wRXk8TDmk-Kgyff9ssB8YW,Va4wRXk8TDmk,Kgyff9ssB8YW,flanker,Spatial Addition Task (SAT) | Flanker Task,Anticorrelations,"Functional connectivity of resting-state, working memory and inhibition networks in perceived stress",Jo A. Archer; Annie Lee; A. Qiu; S. Annabel Chen,Neurobiology of Stress
Va4wRXk8TDmk-Lg6pqqmhFCA7,Va4wRXk8TDmk,Lg6pqqmhFCA7,flanker,Spatial Addition Task (SAT) | Flanker Task,Men,"Functional connectivity of resting-state, working memory and inhibition networks in perceived stress",Jo A. Archer; Annie Lee; A. Qiu; S. Annabel Chen,Neurobiology of Stress
Va4wRXk8TDmk-T5owHMxo6LVZ,Va4wRXk8TDmk,T5owHMxo6LVZ,flanker,Spatial Addition Task (SAT) | Flanker Task,Flanker - activations,"Functional connectivity of resting-state, working memory and inhibition networks in perceived stress",Jo A. Archer; Annie Lee; A. Qiu; S. Annabel Chen,Neurobiology of Stress
Va4wRXk8TDmk-cqpZbg2Hbze8,Va4wRXk8TDmk,cqpZbg2Hbze8,flanker,Spatial Addition Task (SAT) | Flanker Task,More positive association between perceived stress and connectivity in Men compared to Women,"Functional connectivity of resting-state, working memory and inhibition networks in perceived stress",Jo A. Archer; Annie Lee; A. Qiu; S. Annabel Chen,Neurobiology of Stress
Va4wRXk8TDmk-fVSo4DYegRAJ,Va4wRXk8TDmk,fVSo4DYegRAJ,flanker,Spatial Addition Task (SAT) | Flanker Task,SAT - deactivations,"Functional connectivity of resting-state, working memory and inhibition networks in perceived stress",Jo A. Archer; Annie Lee; A. Qiu; S. Annabel Chen,Neurobiology of Stress
Va4wRXk8TDmk-tNfNZ2FYk6MX,Va4wRXk8TDmk,tNfNZ2FYk6MX,flanker,Spatial Addition Task (SAT) | Flanker Task,SAT - activations-2,"Functional connectivity of resting-state, working memory and inhibition networks in perceived stress",Jo A. Archer; Annie Lee; A. Qiu; S. Annabel Chen,Neurobiology of Stress
Va4wRXk8TDmk-uHqHayo7wRxU,Va4wRXk8TDmk,uHqHayo7wRxU,flanker,Spatial Addition Task (SAT) | Flanker Task,Anticorrelations-2,"Functional connectivity of resting-state, working memory and inhibition networks in perceived stress",Jo A. Archer; Annie Lee; A. Qiu; S. Annabel Chen,Neurobiology of Stress
Va4wRXk8TDmk-xjXCcC6Sd26H,Va4wRXk8TDmk,xjXCcC6Sd26H,flanker,Spatial Addition Task (SAT) | Flanker Task,Women,"Functional connectivity of resting-state, working memory and inhibition networks in perceived stress",Jo A. Archer; Annie Lee; A. Qiu; S. Annabel Chen,Neurobiology of Stress
W7Di3ytHLPTu-T6KF2cPZxXeC,W7Di3ytHLPTu,T6KF2cPZxXeC,flanker,Eriksen Flanker Task (EFT),Individualized peak activation coordinates of task fMRI within the dACC-Mask,Resting-State fMRI Functional Connectivity Strength Predicts Local Activity Change in the Dorsal Cingulate Cortex: A Multi-Target Focused rTMS Study,Zi-Jian Feng; X. Deng; N. Zhao; Jing Jin; J. Yue; Yun-Song Hu; Ying Jing; Hong-Xiao Wang; T. Knösche; Y. Zang; Jue Wang,Cerebral Cortex
W7Di3ytHLPTu-YsKHeanHftsy,W7Di3ytHLPTu,YsKHeanHftsy,flanker,Eriksen Flanker Task (EFT),Individualized rIPL target coordinates and corresponding r value of FC with the dACC seed,Resting-State fMRI Functional Connectivity Strength Predicts Local Activity Change in the Dorsal Cingulate Cortex: A Multi-Target Focused rTMS Study,Zi-Jian Feng; X. Deng; N. Zhao; Jing Jin; J. Yue; Yun-Song Hu; Ying Jing; Hong-Xiao Wang; T. Knösche; Y. Zang; Jue Wang,Cerebral Cortex
W7Di3ytHLPTu-jCk7Jq6ynLwE,W7Di3ytHLPTu,jCk7Jq6ynLwE,flanker,Eriksen Flanker Task (EFT),Individualized rMFG target coordinates and corresponding r value of FC with the dACC seed,Resting-State fMRI Functional Connectivity Strength Predicts Local Activity Change in the Dorsal Cingulate Cortex: A Multi-Target Focused rTMS Study,Zi-Jian Feng; X. Deng; N. Zhao; Jing Jin; J. Yue; Yun-Song Hu; Ying Jing; Hong-Xiao Wang; T. Knösche; Y. Zang; Jue Wang,Cerebral Cortex
We29JrQbQrzs-TN3ZL4ommcxb,We29JrQbQrzs,TN3ZL4ommcxb,flanker,Flanker Interference Task,Group-by-Response-Type Interaction,Error-Related Brain Activity in Patients With Obsessive-Compulsive Disorder and Unaffected First-Degree Relatives: Evidence for Protective Patterns,Rosa Grützmann; C. Kaufmann; Olga A. Wudarczyk; Luisa Balzus; Julia Klawohn; A. Riesel; K. Bey; M. Wagner; S. Heinzel; N. Kathmann,Biological Psychiatry Global Open Science
We29JrQbQrzs-YzT7VhxzoTaK,We29JrQbQrzs,YzT7VhxzoTaK,flanker,Flanker Interference Task,Conflict > error,Error-Related Brain Activity in Patients With Obsessive-Compulsive Disorder and Unaffected First-Degree Relatives: Evidence for Protective Patterns,Rosa Grützmann; C. Kaufmann; Olga A. Wudarczyk; Luisa Balzus; Julia Klawohn; A. Riesel; K. Bey; M. Wagner; S. Heinzel; N. Kathmann,Biological Psychiatry Global Open Science
We29JrQbQrzs-oFTrbk3jvoeL,We29JrQbQrzs,oFTrbk3jvoeL,flanker,Flanker Interference Task,Error > conflict,Error-Related Brain Activity in Patients With Obsessive-Compulsive Disorder and Unaffected First-Degree Relatives: Evidence for Protective Patterns,Rosa Grützmann; C. Kaufmann; Olga A. Wudarczyk; Luisa Balzus; Julia Klawohn; A. Riesel; K. Bey; M. Wagner; S. Heinzel; N. Kathmann,Biological Psychiatry Global Open Science
WnNkp6VfnFQo-zSxzLbQEhPUL,WnNkp6VfnFQo,zSxzLbQEhPUL,flanker,Verbal Working Memory Task | Spatial Working Memory Task | Go/No-Go Task | Stop Task | Flanker Task,Table 2 Verbal working memory task,"Common and unique components of inhibition and working memory: an fMRI, within-subjects investigation.","McNab F, Leroux G, Strand F, Thorell L, Bergman S, Klingberg T",Neuropsychologia
WqgY8WjgWzB2-kQcAyjZzpuhJ,WqgY8WjgWzB2,kQcAyjZzpuhJ,flanker,Flanker Task,CON < SCZ,Aberrant functional connectivity between the thalamus and visual cortex is related to attentional impairment in schizophrenia,Maeri Yamamoto; I. Kushima; Ryohei Suzuki; A. Branko; N. Kawano; T. Inada; T. Iidaka; N. Ozaki,Psychiatry Research: Neuroimaging
WqgY8WjgWzB2-tfZdLJEtbLUC,WqgY8WjgWzB2,tfZdLJEtbLUC,flanker,Flanker Task,CON > SCZ,Aberrant functional connectivity between the thalamus and visual cortex is related to attentional impairment in schizophrenia,Maeri Yamamoto; I. Kushima; Ryohei Suzuki; A. Branko; N. Kawano; T. Inada; T. Iidaka; N. Ozaki,Psychiatry Research: Neuroimaging
Wz6rhpFm4CHr-QpowCKCX6zAi,Wz6rhpFm4CHr,QpowCKCX6zAi,flanker,Flanker Task,Result of multi voxel pattern analysis (MVPA) in ADHD children (ADHD > TD children).,Altered functional connectivity in children with ADHD while performing cognitive control task,U. Kumar; A. Arya; V. Agarwal,Psychiatry Research: Neuroimaging
Wz6rhpFm4CHr-XxRHg2y9DURa,Wz6rhpFm4CHr,XxRHg2y9DURa,flanker,Flanker Task,Seed-to-voxel functional connectivity analysis in ADHD children in comparison to TD children with the right inferior frontal gyrus as a seed region (ADHD > TD children).,Altered functional connectivity in children with ADHD while performing cognitive control task,U. Kumar; A. Arya; V. Agarwal,Psychiatry Research: Neuroimaging
Wz6rhpFm4CHr-cx9k2tz8iq7H,Wz6rhpFm4CHr,cx9k2tz8iq7H,flanker,Flanker Task,Seed-to-voxel functional connectivity analysis in ADHD children in comparison to TD children with the right supplementary motor area as a seed region (ADHD > TD children).,Altered functional connectivity in children with ADHD while performing cognitive control task,U. Kumar; A. Arya; V. Agarwal,Psychiatry Research: Neuroimaging
Wz6rhpFm4CHr-ehYTNuxYS99T,Wz6rhpFm4CHr,ehYTNuxYS99T,flanker,Flanker Task,Seed-to-voxel functional connectivity analysis in ADHD children in comparison to TD children with the left cerebellum as a seed region (ADHD > TD children).,Altered functional connectivity in children with ADHD while performing cognitive control task,U. Kumar; A. Arya; V. Agarwal,Psychiatry Research: Neuroimaging
YUN4vFwo8WG8-3zZjAhHaE5fB,YUN4vFwo8WG8,3zZjAhHaE5fB,flanker,Eriksen Flanker Task,T1,Effects of Alcohol Intoxication on Response Conflict in a Flanker Task,"Marinkovic, Ksenija;Rickenbacher, Elizabeth;Azma, Sheeva",Journal of addiction research & therapy
ZAhUxT5UvjTM-AwVb7svmLcas,ZAhUxT5UvjTM,AwVb7svmLcas,flanker,Eriksen Flanker Task,Negative effect “stay < switch”,How to improve parameter estimates in GLM-based fMRI data analysis: cross-validated Bayesian model averaging.,Joram Soch; Achim Pascal Meyer; John-Dylan Haynes; Carsten Allefeld,NeuroImage
ZAhUxT5UvjTM-YwzpRyzDkMuc,ZAhUxT5UvjTM,YwzpRyzDkMuc,flanker,Eriksen Flanker Task,Main effect “stay ≠ switch”,How to improve parameter estimates in GLM-based fMRI data analysis: cross-validated Bayesian model averaging.,Joram Soch; Achim Pascal Meyer; John-Dylan Haynes; Carsten Allefeld,NeuroImage
Zfay9kNJhkWd-U2FeUgtEjeNr,Zfay9kNJhkWd,U2FeUgtEjeNr,flanker,Stop-Signal Task | Flanker Task,Table 3,Correlation between brain function and ADHD symptom changes in children with ADHD following a few-foods diet: an open-label intervention trial,"Hontelez, Saartje; Stobernack, Tim; Pelsser, Lidy M.; van Baarlen, Peter; Frankena, Klaas; Groefsema, Martine M.; Kleerebezem, Michiel; Rodrigues Pereira, Rob; Postma, Elbrich M.; Smeets, Paul A. M.; Stopyra, Marion A.; Zwiers, Marcel P.; Aarts, Esther",Sci Rep
ZwcBjwMwVaGC-4XUxyessU7Ww,ZwcBjwMwVaGC,4XUxyessU7Ww,flanker,Combined Flanker and Simon Task,(a) Flanker conflict: FiSc,Spatio-temporal brain dynamics in a combined stimulus–stimulus and stimulus–response conflict task,S. Frühholz; B. Godde; Mareike Finke; M. Herrmann,NeuroImage
ZwcBjwMwVaGC-5cWCp45xCrDS,ZwcBjwMwVaGC,5cWCp45xCrDS,flanker,Combined Flanker and Simon Task,(b) FcSi > FcSc,Spatio-temporal brain dynamics in a combined stimulus–stimulus and stimulus–response conflict task,S. Frühholz; B. Godde; Mareike Finke; M. Herrmann,NeuroImage
ZwcBjwMwVaGC-8V6cFJPjDFFK,ZwcBjwMwVaGC,8V6cFJPjDFFK,flanker,Combined Flanker and Simon Task,(a) FiSc > FcSc,Spatio-temporal brain dynamics in a combined stimulus–stimulus and stimulus–response conflict task,S. Frühholz; B. Godde; Mareike Finke; M. Herrmann,NeuroImage
ZwcBjwMwVaGC-BkBmoM9Z3dFa,ZwcBjwMwVaGC,BkBmoM9Z3dFa,flanker,Combined Flanker and Simon Task,(b) Simon conflict: FcSi,Spatio-temporal brain dynamics in a combined stimulus–stimulus and stimulus–response conflict task,S. Frühholz; B. Godde; Mareike Finke; M. Herrmann,NeuroImage
ZwcBjwMwVaGC-NrKQnDv5WWKi,ZwcBjwMwVaGC,NrKQnDv5WWKi,flanker,Combined Flanker and Simon Task,(c) FcSc > FcSi,Spatio-temporal brain dynamics in a combined stimulus–stimulus and stimulus–response conflict task,S. Frühholz; B. Godde; Mareike Finke; M. Herrmann,NeuroImage
ZwcBjwMwVaGC-TZJPat3Nqwcm,ZwcBjwMwVaGC,TZJPat3Nqwcm,flanker,Combined Flanker and Simon Task,t0005,Spatio-temporal brain dynamics in a combined stimulus–stimulus and stimulus–response conflict task,S. Frühholz; B. Godde; Mareike Finke; M. Herrmann,NeuroImage
ZwcBjwMwVaGC-Zyqu4zek7R9B,ZwcBjwMwVaGC,Zyqu4zek7R9B,flanker,Combined Flanker and Simon Task,(d) FiSi > FcSc,Spatio-temporal brain dynamics in a combined stimulus–stimulus and stimulus–response conflict task,S. Frühholz; B. Godde; Mareike Finke; M. Herrmann,NeuroImage
ZwcBjwMwVaGC-oeubtVfKCbir,ZwcBjwMwVaGC,oeubtVfKCbir,flanker,Combined Flanker and Simon Task,(c) Flanker+Simon conflict: FiSi,Spatio-temporal brain dynamics in a combined stimulus–stimulus and stimulus–response conflict task,S. Frühholz; B. Godde; Mareike Finke; M. Herrmann,NeuroImage
ae4JFn63LFLc-3vL46xUC6Tgn,ae4JFn63LFLc,3vL46xUC6Tgn,flanker,Face-word conflict task | Color-word Stroop task | Simon task | SRC task | Flanker task,CONTRAST: NON-EMOTIONAL VERBAL > NON-EMOTIONAL SPATIAL,Neural Systems Underlying Emotional and Non-emotional Interference Processing: An ALE Meta-Analysis of Functional Neuroimaging Studies,Min Xu; Guiping Xu; Yang Yang,Frontiers in Behavioral Neuroscience
ae4JFn63LFLc-8uiL48KdUrRu,ae4JFn63LFLc,8uiL48KdUrRu,flanker,Face-word conflict task | Color-word Stroop task | Simon task | SRC task | Flanker task,CONTRAST: NON-EMOTIONAL SPATIAL > NON-EMOTIONAL VERBAL,Neural Systems Underlying Emotional and Non-emotional Interference Processing: An ALE Meta-Analysis of Functional Neuroimaging Studies,Min Xu; Guiping Xu; Yang Yang,Frontiers in Behavioral Neuroscience
ae4JFn63LFLc-A49fZUZB59MW,ae4JFn63LFLc,A49fZUZB59MW,flanker,Face-word conflict task | Color-word Stroop task | Simon task | SRC task | Flanker task,NON-EMOTIONAL VERBAL,Neural Systems Underlying Emotional and Non-emotional Interference Processing: An ALE Meta-Analysis of Functional Neuroimaging Studies,Min Xu; Guiping Xu; Yang Yang,Frontiers in Behavioral Neuroscience
ae4JFn63LFLc-AKBiniVRqFPg,ae4JFn63LFLc,AKBiniVRqFPg,flanker,Face-word conflict task | Color-word Stroop task | Simon task | SRC task | Flanker task,CONTRAST: NON-EMOTIONAL SPATIAL > EMOTIONAL VERBAL,Neural Systems Underlying Emotional and Non-emotional Interference Processing: An ALE Meta-Analysis of Functional Neuroimaging Studies,Min Xu; Guiping Xu; Yang Yang,Frontiers in Behavioral Neuroscience
ae4JFn63LFLc-ATCQiYsetfJG,ae4JFn63LFLc,ATCQiYsetfJG,flanker,Face-word conflict task | Color-word Stroop task | Simon task | SRC task | Flanker task,CONTRAST: NON-EMOTIONAL VERBAL > EMOTIONAL VERBAL,Neural Systems Underlying Emotional and Non-emotional Interference Processing: An ALE Meta-Analysis of Functional Neuroimaging Studies,Min Xu; Guiping Xu; Yang Yang,Frontiers in Behavioral Neuroscience
ae4JFn63LFLc-HiLNrKqsAgNo,ae4JFn63LFLc,HiLNrKqsAgNo,flanker,Face-word conflict task | Color-word Stroop task | Simon task | SRC task | Flanker task,CONTRAST: EMOTIONAL VERBAL > NON-EMOTIONAL SPATIAL,Neural Systems Underlying Emotional and Non-emotional Interference Processing: An ALE Meta-Analysis of Functional Neuroimaging Studies,Min Xu; Guiping Xu; Yang Yang,Frontiers in Behavioral Neuroscience
ae4JFn63LFLc-KXAKxqPLeUQZ,ae4JFn63LFLc,KXAKxqPLeUQZ,flanker,Face-word conflict task | Color-word Stroop task | Simon task | SRC task | Flanker task,NON-EMOTIONAL SPATIAL,Neural Systems Underlying Emotional and Non-emotional Interference Processing: An ALE Meta-Analysis of Functional Neuroimaging Studies,Min Xu; Guiping Xu; Yang Yang,Frontiers in Behavioral Neuroscience
ae4JFn63LFLc-T5Y7q822UEEp,ae4JFn63LFLc,T5Y7q822UEEp,flanker,Face-word conflict task | Color-word Stroop task | Simon task | SRC task | Flanker task,CONJUNCTION: EMOTIONAL VERBAL AND NON-EMOTIONAL SPATIAL/CONJUCNTION: THE THREE DOMAINS,Neural Systems Underlying Emotional and Non-emotional Interference Processing: An ALE Meta-Analysis of Functional Neuroimaging Studies,Min Xu; Guiping Xu; Yang Yang,Frontiers in Behavioral Neuroscience
ae4JFn63LFLc-WjvrDwza9ZVA,ae4JFn63LFLc,WjvrDwza9ZVA,flanker,Face-word conflict task | Color-word Stroop task | Simon task | SRC task | Flanker task,CONJUNCTION: NON-EMOTIONAL VERBAL AND NON-EMOTIONAL SPATIAL,Neural Systems Underlying Emotional and Non-emotional Interference Processing: An ALE Meta-Analysis of Functional Neuroimaging Studies,Min Xu; Guiping Xu; Yang Yang,Frontiers in Behavioral Neuroscience
ae4JFn63LFLc-sESf3aoFYjAi,ae4JFn63LFLc,sESf3aoFYjAi,flanker,Face-word conflict task | Color-word Stroop task | Simon task | SRC task | Flanker task,CONJUNCTION: EMOTIONAL VERBAL AND NON-EMOTIONAL VERBAL,Neural Systems Underlying Emotional and Non-emotional Interference Processing: An ALE Meta-Analysis of Functional Neuroimaging Studies,Min Xu; Guiping Xu; Yang Yang,Frontiers in Behavioral Neuroscience
ae4JFn63LFLc-x4H7scUoWPGb,ae4JFn63LFLc,x4H7scUoWPGb,flanker,Face-word conflict task | Color-word Stroop task | Simon task | SRC task | Flanker task,EMOTIONAL VERBAL,Neural Systems Underlying Emotional and Non-emotional Interference Processing: An ALE Meta-Analysis of Functional Neuroimaging Studies,Min Xu; Guiping Xu; Yang Yang,Frontiers in Behavioral Neuroscience
aymzHWJeyjHx-2bheedNECfm2,aymzHWJeyjHx,2bheedNECfm2,flanker,Modified Eriksen Flanker Task,HC-4,Trait anxiety modulates fronto-limbic processing of emotional interference in borderline personality disorder,Jana Holtmann; Maike C. Herbort; T. Wüstenberg; Joram Soch; Sylvia Richter; H. Walter; S. Roepke; B. Schott,Frontiers in Human Neuroscience
aymzHWJeyjHx-4kQH2b3i7LZc,aymzHWJeyjHx,4kQH2b3i7LZc,flanker,Modified Eriksen Flanker Task,INTERACTION EMOTION CONGRUENCY,Trait anxiety modulates fronto-limbic processing of emotional interference in borderline personality disorder,Jana Holtmann; Maike C. Herbort; T. Wüstenberg; Joram Soch; Sylvia Richter; H. Walter; S. Roepke; B. Schott,Frontiers in Human Neuroscience
aymzHWJeyjHx-GHxytBoqJZhe,aymzHWJeyjHx,GHxytBoqJZhe,flanker,Modified Eriksen Flanker Task,EMOTION,Trait anxiety modulates fronto-limbic processing of emotional interference in borderline personality disorder,Jana Holtmann; Maike C. Herbort; T. Wüstenberg; Joram Soch; Sylvia Richter; H. Walter; S. Roepke; B. Schott,Frontiers in Human Neuroscience
aymzHWJeyjHx-YsdujozbBgJm,aymzHWJeyjHx,YsdujozbBgJm,flanker,Modified Eriksen Flanker Task,CONGRUENCY,Trait anxiety modulates fronto-limbic processing of emotional interference in borderline personality disorder,Jana Holtmann; Maike C. Herbort; T. Wüstenberg; Joram Soch; Sylvia Richter; H. Walter; S. Roepke; B. Schott,Frontiers in Human Neuroscience
aymzHWJeyjHx-b8WHtjY6tXh8,aymzHWJeyjHx,b8WHtjY6tXh8,flanker,Modified Eriksen Flanker Task,BPD-4,Trait anxiety modulates fronto-limbic processing of emotional interference in borderline personality disorder,Jana Holtmann; Maike C. Herbort; T. Wüstenberg; Joram Soch; Sylvia Richter; H. Walter; S. Roepke; B. Schott,Frontiers in Human Neuroscience
aymzHWJeyjHx-ia6hNA6B5URR,aymzHWJeyjHx,ia6hNA6B5URR,flanker,Modified Eriksen Flanker Task,HC-3,Trait anxiety modulates fronto-limbic processing of emotional interference in borderline personality disorder,Jana Holtmann; Maike C. Herbort; T. Wüstenberg; Joram Soch; Sylvia Richter; H. Walter; S. Roepke; B. Schott,Frontiers in Human Neuroscience
aymzHWJeyjHx-sAXqAY5eYpcb,aymzHWJeyjHx,sAXqAY5eYpcb,flanker,Modified Eriksen Flanker Task,HC-2,Trait anxiety modulates fronto-limbic processing of emotional interference in borderline personality disorder,Jana Holtmann; Maike C. Herbort; T. Wüstenberg; Joram Soch; Sylvia Richter; H. Walter; S. Roepke; B. Schott,Frontiers in Human Neuroscience
aymzHWJeyjHx-uotm24X7wQxq,aymzHWJeyjHx,uotm24X7wQxq,flanker,Modified Eriksen Flanker Task,BPD-2,Trait anxiety modulates fronto-limbic processing of emotional interference in borderline personality disorder,Jana Holtmann; Maike C. Herbort; T. Wüstenberg; Joram Soch; Sylvia Richter; H. Walter; S. Roepke; B. Schott,Frontiers in Human Neuroscience
aymzHWJeyjHx-yHKrcvxGfkVK,aymzHWJeyjHx,yHKrcvxGfkVK,flanker,Modified Eriksen Flanker Task,BPD,Trait anxiety modulates fronto-limbic processing of emotional interference in borderline personality disorder,Jana Holtmann; Maike C. Herbort; T. Wüstenberg; Joram Soch; Sylvia Richter; H. Walter; S. Roepke; B. Schott,Frontiers in Human Neuroscience
aymzHWJeyjHx-yjvGP8q3jpon,aymzHWJeyjHx,yjvGP8q3jpon,flanker,Modified Eriksen Flanker Task,BPD-3,Trait anxiety modulates fronto-limbic processing of emotional interference in borderline personality disorder,Jana Holtmann; Maike C. Herbort; T. Wüstenberg; Joram Soch; Sylvia Richter; H. Walter; S. Roepke; B. Schott,Frontiers in Human Neuroscience
aymzHWJeyjHx-yrseVhvjZEtL,aymzHWJeyjHx,yrseVhvjZEtL,flanker,Modified Eriksen Flanker Task,HC,Trait anxiety modulates fronto-limbic processing of emotional interference in borderline personality disorder,Jana Holtmann; Maike C. Herbort; T. Wüstenberg; Joram Soch; Sylvia Richter; H. Walter; S. Roepke; B. Schott,Frontiers in Human Neuroscience
b6XaX5xqJi3a-ABcQuNrsHtCa,b6XaX5xqJi3a,ABcQuNrsHtCa,flanker,Incentive Flanker Task,CONTROL-2,Hyperactive Error Responses and Altered Connectivity in Ventromedial and Frontoinsular Cortices in Obsessive-Compulsive Disorder,E. Stern; R. Welsh; K. Fitzgerald; W. Gehring; Jamey J. Lister; J. Himle; J. Abelson; S. Taylor,Biological Psychiatry
b6XaX5xqJi3a-GsR4rGEVbJbB,b6XaX5xqJi3a,GsR4rGEVbJbB,flanker,Incentive Flanker Task,OCD-2,Hyperactive Error Responses and Altered Connectivity in Ventromedial and Frontoinsular Cortices in Obsessive-Compulsive Disorder,E. Stern; R. Welsh; K. Fitzgerald; W. Gehring; Jamey J. Lister; J. Himle; J. Abelson; S. Taylor,Biological Psychiatry
b6XaX5xqJi3a-NAEKuAwon4Yy,b6XaX5xqJi3a,NAEKuAwon4Yy,flanker,Incentive Flanker Task,CONTROL-3,Hyperactive Error Responses and Altered Connectivity in Ventromedial and Frontoinsular Cortices in Obsessive-Compulsive Disorder,E. Stern; R. Welsh; K. Fitzgerald; W. Gehring; Jamey J. Lister; J. Himle; J. Abelson; S. Taylor,Biological Psychiatry
b6XaX5xqJi3a-TrGfL7PGFp2z,b6XaX5xqJi3a,TrGfL7PGFp2z,flanker,Incentive Flanker Task,OCD,Hyperactive Error Responses and Altered Connectivity in Ventromedial and Frontoinsular Cortices in Obsessive-Compulsive Disorder,E. Stern; R. Welsh; K. Fitzgerald; W. Gehring; Jamey J. Lister; J. Himle; J. Abelson; S. Taylor,Biological Psychiatry
b6XaX5xqJi3a-pUW5zgEp38D6,b6XaX5xqJi3a,pUW5zgEp38D6,flanker,Incentive Flanker Task,OCD-3,Hyperactive Error Responses and Altered Connectivity in Ventromedial and Frontoinsular Cortices in Obsessive-Compulsive Disorder,E. Stern; R. Welsh; K. Fitzgerald; W. Gehring; Jamey J. Lister; J. Himle; J. Abelson; S. Taylor,Biological Psychiatry
b6XaX5xqJi3a-vKewPMWxSv7y,b6XaX5xqJi3a,vKewPMWxSv7y,flanker,Incentive Flanker Task,CONTROL,Hyperactive Error Responses and Altered Connectivity in Ventromedial and Frontoinsular Cortices in Obsessive-Compulsive Disorder,E. Stern; R. Welsh; K. Fitzgerald; W. Gehring; Jamey J. Lister; J. Himle; J. Abelson; S. Taylor,Biological Psychiatry
cStncLmYA7fT-PqFsLT3HMsP5,cStncLmYA7fT,PqFsLT3HMsP5,flanker,Speeded Modified Flankers Task,21570,Neural correlates of error detection and error correction: is there a common neuroanatomical substrate?,"Fiehler K, Ullsperger M, von Cramon DY",The European journal of neuroscience
cStncLmYA7fT-nUGY8SbW22E2,cStncLmYA7fT,nUGY8SbW22E2,flanker,Speeded Modified Flankers Task,21569,Neural correlates of error detection and error correction: is there a common neuroanatomical substrate?,"Fiehler K, Ullsperger M, von Cramon DY",The European journal of neuroscience
d2g6SoBRpX7W-89TTLPYxA2FU,d2g6SoBRpX7W,89TTLPYxA2FU,flanker,Posner-like cueing task with flanker task,Attention (reorienting/focused; conjunction over attention types),Differences and Similarities for Spatial and Feature-Based Selective Attentional Orienting,Daniela Galashan; J. Siemann,Frontiers in Neuroscience
d2g6SoBRpX7W-DbumgJyvbtra,d2g6SoBRpX7W,DbumgJyvbtra,flanker,Posner-like cueing task with flanker task,Spatial attention>feature-based attention (reorienting),Differences and Similarities for Spatial and Feature-Based Selective Attentional Orienting,Daniela Galashan; J. Siemann,Frontiers in Neuroscience
d2g6SoBRpX7W-KWeqgHMJEjjM,d2g6SoBRpX7W,KWeqgHMJEjjM,flanker,Posner-like cueing task with flanker task,Focused attention (conjunction over attention types),Differences and Similarities for Spatial and Feature-Based Selective Attentional Orienting,Daniela Galashan; J. Siemann,Frontiers in Neuroscience
d2g6SoBRpX7W-R5Jez3mhVvgU,d2g6SoBRpX7W,R5Jez3mhVvgU,flanker,Posner-like cueing task with flanker task,Reorienting (conjunction over attention types),Differences and Similarities for Spatial and Feature-Based Selective Attentional Orienting,Daniela Galashan; J. Siemann,Frontiers in Neuroscience
d2g6SoBRpX7W-UwZGkSxUb3NK,d2g6SoBRpX7W,UwZGkSxUb3NK,flanker,Posner-like cueing task with flanker task,Reorienting (Feature-based task),Differences and Similarities for Spatial and Feature-Based Selective Attentional Orienting,Daniela Galashan; J. Siemann,Frontiers in Neuroscience
d2g6SoBRpX7W-xy8FkGC2Bhbu,d2g6SoBRpX7W,xy8FkGC2Bhbu,flanker,Posner-like cueing task with flanker task,Reorienting (Spatial task),Differences and Similarities for Spatial and Feature-Based Selective Attentional Orienting,Daniela Galashan; J. Siemann,Frontiers in Neuroscience
d7Bnfbs4KiQj-4Ko2C5QRJbkm,d7Bnfbs4KiQj,4Ko2C5QRJbkm,flanker,Flanker Interference Task,Patients,Error-related hyperactivity of the anterior cingulate cortex in obsessive-compulsive disorder,K. Fitzgerald; R. Welsh; W. Gehring; J. Abelson; J. Himle; I. Liberzon; S. Taylor,Biological Psychiatry
d7Bnfbs4KiQj-7Sb8FYBVk9LF,d7Bnfbs4KiQj,7Sb8FYBVk9LF,flanker,Flanker Interference Task,Control Subjects,Error-related hyperactivity of the anterior cingulate cortex in obsessive-compulsive disorder,K. Fitzgerald; R. Welsh; W. Gehring; J. Abelson; J. Himle; I. Liberzon; S. Taylor,Biological Psychiatry
eJChuXv2HAVD-2nZJcvFsQ9Lp,eJChuXv2HAVD,2nZJcvFsQ9Lp,flanker,Dimensional Change Card Sort Test (DCCS) | Flanker Inhibitory Control and Attention Test (FL) | List Sorting Working Memory Test (LSWM),VBM: Negative associations of GMV with DCCS performance (pFWE<0.05),When less is more: Structural correlates of core executive functions in young adults – A VBM and cortical thickness study,C. Weise; Tobias Bachmann; M. Schroeter; D. Saur,NeuroImage
eJChuXv2HAVD-eNht373WGKDZ,eJChuXv2HAVD,eNht373WGKDZ,flanker,Dimensional Change Card Sort Test (DCCS) | Flanker Inhibitory Control and Attention Test (FL) | List Sorting Working Memory Test (LSWM),SBM: Negative associations of cortical thickness with FL performance (pFWE<0.1),When less is more: Structural correlates of core executive functions in young adults – A VBM and cortical thickness study,C. Weise; Tobias Bachmann; M. Schroeter; D. Saur,NeuroImage
eJChuXv2HAVD-sU5msZNf6AGx,eJChuXv2HAVD,sU5msZNf6AGx,flanker,Dimensional Change Card Sort Test (DCCS) | Flanker Inhibitory Control and Attention Test (FL) | List Sorting Working Memory Test (LSWM),SBM: Negative associations of cortical thickness with DCCS performance (pFWE<0.1),When less is more: Structural correlates of core executive functions in young adults – A VBM and cortical thickness study,C. Weise; Tobias Bachmann; M. Schroeter; D. Saur,NeuroImage
eJChuXv2HAVD-zF6pDSzxBZuj,eJChuXv2HAVD,zF6pDSzxBZuj,flanker,Dimensional Change Card Sort Test (DCCS) | Flanker Inhibitory Control and Attention Test (FL) | List Sorting Working Memory Test (LSWM),VBM: Negative associations of GMV with FL performance (pFWE<0.1),When less is more: Structural correlates of core executive functions in young adults – A VBM and cortical thickness study,C. Weise; Tobias Bachmann; M. Schroeter; D. Saur,NeuroImage
eno4RJ6Urnzk-98L8uJoThgGD,eno4RJ6Urnzk,98L8uJoThgGD,flanker,Modified Eriksen Flanker Task,table 2,A functional MRI investigation of the association between childhood aerobic fitness and neurocognitive control,L. Chaddock; Kirk I. Erickson; R. Prakash; M. Voss; Matt Vanpatter; Matthew B. Pontifex; Charles H Hillman; Art F. Kramer,Biological Psychology
fxF3YwjN7gDr-6JpjSXvfefgg,fxF3YwjN7gDr,6JpjSXvfefgg,flanker,Free-choice paradigm | Eriksen Flanker task,Incorrect trials,Neural Mechanisms of Cognitive Dissonance (Revised): An EEG Study,M. Colosio; A. Shestakova; V. Nikulin; E. Blagovechtchenski; V. Klucharev,Journal of Neuroscience
fxF3YwjN7gDr-Wo2GzDZTPWxK,fxF3YwjN7gDr,Wo2GzDZTPWxK,flanker,Free-choice paradigm | Eriksen Flanker task,Difference wave-2,Neural Mechanisms of Cognitive Dissonance (Revised): An EEG Study,M. Colosio; A. Shestakova; V. Nikulin; E. Blagovechtchenski; V. Klucharev,Journal of Neuroscience
fxF3YwjN7gDr-d3BCtR2nPiDA,fxF3YwjN7gDr,d3BCtR2nPiDA,flanker,Free-choice paradigm | Eriksen Flanker task,Self-difficult,Neural Mechanisms of Cognitive Dissonance (Revised): An EEG Study,M. Colosio; A. Shestakova; V. Nikulin; E. Blagovechtchenski; V. Klucharev,Journal of Neuroscience
fxF3YwjN7gDr-jf9XKPF8yQTW,fxF3YwjN7gDr,jf9XKPF8yQTW,flanker,Free-choice paradigm | Eriksen Flanker task,Self-easy,Neural Mechanisms of Cognitive Dissonance (Revised): An EEG Study,M. Colosio; A. Shestakova; V. Nikulin; E. Blagovechtchenski; V. Klucharev,Journal of Neuroscience
fxF3YwjN7gDr-sTzkyqgeT2Ci,fxF3YwjN7gDr,sTzkyqgeT2Ci,flanker,Free-choice paradigm | Eriksen Flanker task,Difference wave,Neural Mechanisms of Cognitive Dissonance (Revised): An EEG Study,M. Colosio; A. Shestakova; V. Nikulin; E. Blagovechtchenski; V. Klucharev,Journal of Neuroscience
fxF3YwjN7gDr-sWiL6A3Emuaw,fxF3YwjN7gDr,sWiL6A3Emuaw,flanker,Free-choice paradigm | Eriksen Flanker task,Correct trials,Neural Mechanisms of Cognitive Dissonance (Revised): An EEG Study,M. Colosio; A. Shestakova; V. Nikulin; E. Blagovechtchenski; V. Klucharev,Journal of Neuroscience
gtmGhVJvPHTh-AeMdfdaBnMB9,gtmGhVJvPHTh,AeMdfdaBnMB9,flanker,Flanker Task,I,fMRI-constrained source analysis reveals early top-down modulations of interference processing using a flanker task,J. Siemann; M. Herrmann; Daniela Galashan,NeuroImage
gtmGhVJvPHTh-HkDqenTassgR,gtmGhVJvPHTh,HkDqenTassgR,flanker,Flanker Task,INC>CON (valid cues),fMRI-constrained source analysis reveals early top-down modulations of interference processing using a flanker task,J. Siemann; M. Herrmann; Daniela Galashan,NeuroImage
gtmGhVJvPHTh-QkhS2qmoGo8A,gtmGhVJvPHTh,QkhS2qmoGo8A,flanker,Flanker Task,C,fMRI-constrained source analysis reveals early top-down modulations of interference processing using a flanker task,J. Siemann; M. Herrmann; Daniela Galashan,NeuroImage
gtmGhVJvPHTh-RRjWTjpoD3mq,gtmGhVJvPHTh,RRjWTjpoD3mq,flanker,Flanker Task,INC>CON (all cue types),fMRI-constrained source analysis reveals early top-down modulations of interference processing using a flanker task,J. Siemann; M. Herrmann; Daniela Galashan,NeuroImage
gtmGhVJvPHTh-TkvQqD2A9Ecp,gtmGhVJvPHTh,TkvQqD2A9Ecp,flanker,Flanker Task,C/I,fMRI-constrained source analysis reveals early top-down modulations of interference processing using a flanker task,J. Siemann; M. Herrmann; Daniela Galashan,NeuroImage
gtmGhVJvPHTh-iET83ukPPzwW,gtmGhVJvPHTh,iET83ukPPzwW,flanker,Flanker Task,RS fitted (no reference to original fMRI clusters),fMRI-constrained source analysis reveals early top-down modulations of interference processing using a flanker task,J. Siemann; M. Herrmann; Daniela Galashan,NeuroImage
gycJbjJ6boqx-3WJJrveh773r,gycJbjJ6boqx,3WJJrveh773r,flanker,Go/No-Go Task | Flanker Task | Stimulus-Response Compatibility Task (SRC),tbl3,Common and unique components of response inhibition revealed by fMRI,"Wager TD, Sylvester CY, Lacey SC, Nee DE, Franklin M, Jonides J",NeuroImage
gycJbjJ6boqx-47vQfxQH63wA,gycJbjJ6boqx,47vQfxQH63wA,flanker,Go/No-Go Task | Flanker Task | Stimulus-Response Compatibility Task (SRC),tbl4,Common and unique components of response inhibition revealed by fMRI,"Wager TD, Sylvester CY, Lacey SC, Nee DE, Franklin M, Jonides J",NeuroImage
gycJbjJ6boqx-6LGhV9rwAu2L,gycJbjJ6boqx,6LGhV9rwAu2L,flanker,Go/No-Go Task | Flanker Task | Stimulus-Response Compatibility Task (SRC),tbl1,Common and unique components of response inhibition revealed by fMRI,"Wager TD, Sylvester CY, Lacey SC, Nee DE, Franklin M, Jonides J",NeuroImage
gycJbjJ6boqx-8K59xyaBqxZG,gycJbjJ6boqx,8K59xyaBqxZG,flanker,Go/No-Go Task | Flanker Task | Stimulus-Response Compatibility Task (SRC),tbl2,Common and unique components of response inhibition revealed by fMRI,"Wager TD, Sylvester CY, Lacey SC, Nee DE, Franklin M, Jonides J",NeuroImage
gzLqLE8KofDL-mkrUH9pvHKEg,gzLqLE8KofDL,mkrUH9pvHKEg,flanker,Eriksen Flanker Task,Young adults > Others,The Lifespan Trajectories of Brain Activities Related to Cognitive Control,Zhenghan Li; Isaac T. Petersen; Lingxiao Wang; J. Raduà; Guochun Yang; Xun Liu,bioRxiv
h8MtK8S79dkJ-dLp7xNT8J8Gf,h8MtK8S79dkJ,dLp7xNT8J8Gf,flanker,Flanker Task,tbl4,Atrophy in two attention networks is associated with performance on a Flanker task in neurodegenerative disease,T. Luks; M. Oliveira; K. Possin; A. Bird; B. Miller; M. Weiner; J. Kramer,Neuropsychologia
hEEUmwnW6wCr-cwg8NeWN9QpV,hEEUmwnW6wCr,cwg8NeWN9QpV,flanker,Stroop Task | Flanker Task,"Paired-samples t-tests (post time interval; CON > EXP) – independent from interaction effect (condition × time) – within cingulate gyrus, without cluster size-threshold","A drop in cognitive performance, whodunit? Subjective mental fatigue, brain deactivation or increased parasympathetic activity? It's complicated!",J. Cutsem; P. Schuerbeek; N. Pattyn; H. Raeymaekers; J. D. Mey; R. Meeusen; B. Roelands,Cortex
hEEUmwnW6wCr-xb6r7jhnAvig,hEEUmwnW6wCr,xb6r7jhnAvig,flanker,Stroop Task | Flanker Task,Paired-samples t-tests (post time interval; CON > EXP) – independent from interaction effect (condition × time),"A drop in cognitive performance, whodunit? Subjective mental fatigue, brain deactivation or increased parasympathetic activity? It's complicated!",J. Cutsem; P. Schuerbeek; N. Pattyn; H. Raeymaekers; J. D. Mey; R. Meeusen; B. Roelands,Cortex
hx2VebeHx7mf-8tLzsxht6Jpw,hx2VebeHx7mf,8tLzsxht6Jpw,flanker,Flanker Task,vMPFC,Lovastatin regulates brain spontaneous low-frequency brain activity in Neurofibromatosis type 1,Camille Chabernaud; M. Mennes; P. Kardel; W. Gaillard; M. Kalbfleisch; J. VanMeter; R. Packer; M. Milham; M. Milham; F. X. Castellanos; F. X. Castellanos; M. Acosta,Neuroscience Letters
hx2VebeHx7mf-MkMqrBbdGj9w,hx2VebeHx7mf,MkMqrBbdGj9w,flanker,Flanker Task,dMPFC,Lovastatin regulates brain spontaneous low-frequency brain activity in Neurofibromatosis type 1,Camille Chabernaud; M. Mennes; P. Kardel; W. Gaillard; M. Kalbfleisch; J. VanMeter; R. Packer; M. Milham; M. Milham; F. X. Castellanos; F. X. Castellanos; M. Acosta,Neuroscience Letters
hx2VebeHx7mf-Qbst3Q7rFRB9,hx2VebeHx7mf,Qbst3Q7rFRB9,flanker,Flanker Task,TempP,Lovastatin regulates brain spontaneous low-frequency brain activity in Neurofibromatosis type 1,Camille Chabernaud; M. Mennes; P. Kardel; W. Gaillard; M. Kalbfleisch; J. VanMeter; R. Packer; M. Milham; M. Milham; F. X. Castellanos; F. X. Castellanos; M. Acosta,Neuroscience Letters
hx2VebeHx7mf-aP9xfKgZFiUf,hx2VebeHx7mf,aP9xfKgZFiUf,flanker,Flanker Task,Rsp,Lovastatin regulates brain spontaneous low-frequency brain activity in Neurofibromatosis type 1,Camille Chabernaud; M. Mennes; P. Kardel; W. Gaillard; M. Kalbfleisch; J. VanMeter; R. Packer; M. Milham; M. Milham; F. X. Castellanos; F. X. Castellanos; M. Acosta,Neuroscience Letters
hx2VebeHx7mf-owhy26fvtieE,hx2VebeHx7mf,owhy26fvtieE,flanker,Flanker Task,PCC,Lovastatin regulates brain spontaneous low-frequency brain activity in Neurofibromatosis type 1,Camille Chabernaud; M. Mennes; P. Kardel; W. Gaillard; M. Kalbfleisch; J. VanMeter; R. Packer; M. Milham; M. Milham; F. X. Castellanos; F. X. Castellanos; M. Acosta,Neuroscience Letters
i79DSP3cNGkt-2QBmusaMjzwD,i79DSP3cNGkt,2QBmusaMjzwD,flanker,Eriksen Flanker Task,Cingulate,Hypo-activity of the dorsolateral prefrontal cortex relates to increased reaction time variability in patients with schizophrenia,G. Panagiotaropoulou; E. Thrapsanioti; E. Pappa; C. Grigoras; D. Mylonas; E. Karavasilis; G. Velonakis; N. Kelekis; N. Smyrnis,NeuroImage: Clinical
i79DSP3cNGkt-3uKwN6gbqWFC,i79DSP3cNGkt,3uKwN6gbqWFC,flanker,Eriksen Flanker Task,Right temporal lobe,Hypo-activity of the dorsolateral prefrontal cortex relates to increased reaction time variability in patients with schizophrenia,G. Panagiotaropoulou; E. Thrapsanioti; E. Pappa; C. Grigoras; D. Mylonas; E. Karavasilis; G. Velonakis; N. Kelekis; N. Smyrnis,NeuroImage: Clinical
i79DSP3cNGkt-9F7LDJREe5DF,i79DSP3cNGkt,9F7LDJREe5DF,flanker,Eriksen Flanker Task,Bilateral parietal lobes,Hypo-activity of the dorsolateral prefrontal cortex relates to increased reaction time variability in patients with schizophrenia,G. Panagiotaropoulou; E. Thrapsanioti; E. Pappa; C. Grigoras; D. Mylonas; E. Karavasilis; G. Velonakis; N. Kelekis; N. Smyrnis,NeuroImage: Clinical
i79DSP3cNGkt-h8zjgKmKXNf7,i79DSP3cNGkt,h8zjgKmKXNf7,flanker,Eriksen Flanker Task,Bilateral frontal lobes,Hypo-activity of the dorsolateral prefrontal cortex relates to increased reaction time variability in patients with schizophrenia,G. Panagiotaropoulou; E. Thrapsanioti; E. Pappa; C. Grigoras; D. Mylonas; E. Karavasilis; G. Velonakis; N. Kelekis; N. Smyrnis,NeuroImage: Clinical
i79DSP3cNGkt-ySoJouQDTYUt,i79DSP3cNGkt,ySoJouQDTYUt,flanker,Eriksen Flanker Task,Right frontal lobe,Hypo-activity of the dorsolateral prefrontal cortex relates to increased reaction time variability in patients with schizophrenia,G. Panagiotaropoulou; E. Thrapsanioti; E. Pappa; C. Grigoras; D. Mylonas; E. Karavasilis; G. Velonakis; N. Kelekis; N. Smyrnis,NeuroImage: Clinical
iCi9CxjHjAod-mVEw2EFM6Pwp,iCi9CxjHjAod,mVEw2EFM6Pwp,flanker,Bimanual Eriksen Flankers Test,Entrance points,How action selection can be embodied: intracranial gamma band recording shows response competition during the Eriksen flankers test,F. Caruana; S. Uithol; G. Cantalupo; I. Sartori; G. Lo Russo; P. Avanzini,Frontiers in Human Neuroscience
jwKG7jx4uzSk-3LiMQ98Qm5Ty,jwKG7jx4uzSk,3LiMQ98Qm5Ty,flanker,Color Flanker Task,Superior temporal gyrus,Emotion triggers executive attention: Anterior cingulate cortex and amygdala responses to emotional words in a conflict task,Philipp Kanske; S. Kotz,Human Brain Mapping
jwKG7jx4uzSk-3rNTReU74Dg4,jwKG7jx4uzSk,3rNTReU74Dg4,flanker,Color Flanker Task,Postcentral gyrus,Emotion triggers executive attention: Anterior cingulate cortex and amygdala responses to emotional words in a conflict task,Philipp Kanske; S. Kotz,Human Brain Mapping
jwKG7jx4uzSk-CwuG2m5bTYTq,jwKG7jx4uzSk,CwuG2m5bTYTq,flanker,Color Flanker Task,Dorsal ACC/medial frontal lobe,Emotion triggers executive attention: Anterior cingulate cortex and amygdala responses to emotional words in a conflict task,Philipp Kanske; S. Kotz,Human Brain Mapping
jwKG7jx4uzSk-ZLZ6ZXbwUGN2,jwKG7jx4uzSk,ZLZ6ZXbwUGN2,flanker,Color Flanker Task,Fusiform gyrus,Emotion triggers executive attention: Anterior cingulate cortex and amygdala responses to emotional words in a conflict task,Philipp Kanske; S. Kotz,Human Brain Mapping
jwKG7jx4uzSk-aUhXchhLqZUN,jwKG7jx4uzSk,aUhXchhLqZUN,flanker,Color Flanker Task,Cuneus,Emotion triggers executive attention: Anterior cingulate cortex and amygdala responses to emotional words in a conflict task,Philipp Kanske; S. Kotz,Human Brain Mapping
jwKG7jx4uzSk-nipU7Aic8QMs,jwKG7jx4uzSk,nipU7Aic8QMs,flanker,Color Flanker Task,Ventral ACC,Emotion triggers executive attention: Anterior cingulate cortex and amygdala responses to emotional words in a conflict task,Philipp Kanske; S. Kotz,Human Brain Mapping
jwKG7jx4uzSk-wVJ5Rq5MZwfQ,jwKG7jx4uzSk,wVJ5Rq5MZwfQ,flanker,Color Flanker Task,Precentral gyrus,Emotion triggers executive attention: Anterior cingulate cortex and amygdala responses to emotional words in a conflict task,Philipp Kanske; S. Kotz,Human Brain Mapping
jwKG7jx4uzSk-xGZMZVmWv4PL,jwKG7jx4uzSk,xGZMZVmWv4PL,flanker,Color Flanker Task,Middle occipital gyrus,Emotion triggers executive attention: Anterior cingulate cortex and amygdala responses to emotional words in a conflict task,Philipp Kanske; S. Kotz,Human Brain Mapping
jwKG7jx4uzSk-xTygYHnATdwq,jwKG7jx4uzSk,xTygYHnATdwq,flanker,Color Flanker Task,Inferior occipital,Emotion triggers executive attention: Anterior cingulate cortex and amygdala responses to emotional words in a conflict task,Philipp Kanske; S. Kotz,Human Brain Mapping
mHuBy8FzKm8H-ucVcyHkrvZrV,mHuBy8FzKm8H,ucVcyHkrvZrV,flanker,Flanker Task,tab4,Executive control processes are associated with individual fitness outcomes following regular exercise training: blood lactate profile curves and neuroimaging findings,M. Pensel; M. Daamen; L. Scheef; H. Knigge; S. Rojas Vega; J. A. Martin; H. Schild; H. K. Strüder; H. Boecker,Scientific Reports
mkVs8Vfh8Qb7-4fHyfXzoqAbF,mkVs8Vfh8Qb7,4fHyfXzoqAbF,flanker,Flanker-Stop-Change Paradigm,IC 4,Functional parcellation of the inferior frontal and midcingulate cortices in a flanker‐stop‐change paradigm,S. Enriquez-Geppert; T. Eichele; K. Specht; Harald Kugel; C. Pantev; René J. Huster,Human Brain Mapping
mkVs8Vfh8Qb7-FxKHS5D7wVRz,mkVs8Vfh8Qb7,FxKHS5D7wVRz,flanker,Flanker-Stop-Change Paradigm,IC 5,Functional parcellation of the inferior frontal and midcingulate cortices in a flanker‐stop‐change paradigm,S. Enriquez-Geppert; T. Eichele; K. Specht; Harald Kugel; C. Pantev; René J. Huster,Human Brain Mapping
mkVs8Vfh8Qb7-V6CDS23KasiS,mkVs8Vfh8Qb7,V6CDS23KasiS,flanker,Flanker-Stop-Change Paradigm,IC 2,Functional parcellation of the inferior frontal and midcingulate cortices in a flanker‐stop‐change paradigm,S. Enriquez-Geppert; T. Eichele; K. Specht; Harald Kugel; C. Pantev; René J. Huster,Human Brain Mapping
mkVs8Vfh8Qb7-j3zu2pjYXBKT,mkVs8Vfh8Qb7,j3zu2pjYXBKT,flanker,Flanker-Stop-Change Paradigm,IC 1,Functional parcellation of the inferior frontal and midcingulate cortices in a flanker‐stop‐change paradigm,S. Enriquez-Geppert; T. Eichele; K. Specht; Harald Kugel; C. Pantev; René J. Huster,Human Brain Mapping
mkVs8Vfh8Qb7-twL9p5PCbFiF,mkVs8Vfh8Qb7,twL9p5PCbFiF,flanker,Flanker-Stop-Change Paradigm,IC 3,Functional parcellation of the inferior frontal and midcingulate cortices in a flanker‐stop‐change paradigm,S. Enriquez-Geppert; T. Eichele; K. Specht; Harald Kugel; C. Pantev; René J. Huster,Human Brain Mapping
ne9Sv6zPbrn5-JqUizJ8L3mTL,ne9Sv6zPbrn5,JqUizJ8L3mTL,flanker,Eriksen Flanker Task,fALFF→ behavior: Incongruent CV,Linking inter-individual differences in neural activation and behavior to intrinsic brain dynamics,M. Mennes; X. Zuo; C. Kelly; A. Martino; Y. Zang; Bharat B. Biswal; Bharat B. Biswal; F. Castellanos; M. Milham,NeuroImage
ne9Sv6zPbrn5-PVuEuPCrmvS9,ne9Sv6zPbrn5,PVuEuPCrmvS9,flanker,Eriksen Flanker Task,fALFF→ task-evoked activity: Congruent > Baseline,Linking inter-individual differences in neural activation and behavior to intrinsic brain dynamics,M. Mennes; X. Zuo; C. Kelly; A. Martino; Y. Zang; Bharat B. Biswal; Bharat B. Biswal; F. Castellanos; M. Milham,NeuroImage
ne9Sv6zPbrn5-h6jxBmdvBZr7,ne9Sv6zPbrn5,h6jxBmdvBZr7,flanker,Eriksen Flanker Task,fALFF→ behavior: Incongruent RT,Linking inter-individual differences in neural activation and behavior to intrinsic brain dynamics,M. Mennes; X. Zuo; C. Kelly; A. Martino; Y. Zang; Bharat B. Biswal; Bharat B. Biswal; F. Castellanos; M. Milham,NeuroImage
ne9Sv6zPbrn5-mKvr6xEf5xQ9,ne9Sv6zPbrn5,mKvr6xEf5xQ9,flanker,Eriksen Flanker Task,fALFF→ behavior: Congruency effect,Linking inter-individual differences in neural activation and behavior to intrinsic brain dynamics,M. Mennes; X. Zuo; C. Kelly; A. Martino; Y. Zang; Bharat B. Biswal; Bharat B. Biswal; F. Castellanos; M. Milham,NeuroImage
ne9Sv6zPbrn5-nHUfMVHviYRf,ne9Sv6zPbrn5,nHUfMVHviYRf,flanker,Eriksen Flanker Task,fALFF→ task-evoked activity: Congruent + Incongruent > Baseline,Linking inter-individual differences in neural activation and behavior to intrinsic brain dynamics,M. Mennes; X. Zuo; C. Kelly; A. Martino; Y. Zang; Bharat B. Biswal; Bharat B. Biswal; F. Castellanos; M. Milham,NeuroImage
ne9Sv6zPbrn5-oKtmq6Aifp68,ne9Sv6zPbrn5,oKtmq6Aifp68,flanker,Eriksen Flanker Task,fALFF→ behavior: Congruent CV,Linking inter-individual differences in neural activation and behavior to intrinsic brain dynamics,M. Mennes; X. Zuo; C. Kelly; A. Martino; Y. Zang; Bharat B. Biswal; Bharat B. Biswal; F. Castellanos; M. Milham,NeuroImage
ne9Sv6zPbrn5-uH5tg6hgoaR9,ne9Sv6zPbrn5,uH5tg6hgoaR9,flanker,Eriksen Flanker Task,fALFF→ task-evoked activity: Incongruent > Baseline,Linking inter-individual differences in neural activation and behavior to intrinsic brain dynamics,M. Mennes; X. Zuo; C. Kelly; A. Martino; Y. Zang; Bharat B. Biswal; Bharat B. Biswal; F. Castellanos; M. Milham,NeuroImage
ne9Sv6zPbrn5-unuBHFdvJDra,ne9Sv6zPbrn5,unuBHFdvJDra,flanker,Eriksen Flanker Task,fALFF→ task-evoked activity: Incongruent > Congruent,Linking inter-individual differences in neural activation and behavior to intrinsic brain dynamics,M. Mennes; X. Zuo; C. Kelly; A. Martino; Y. Zang; Bharat B. Biswal; Bharat B. Biswal; F. Castellanos; M. Milham,NeuroImage
oPNwW2Ve37Xy-2GWQ2VoRLk7F,oPNwW2Ve37Xy,2GWQ2VoRLk7F,flanker,Socio-emotional Flanker Task,Faces>Scrambled-2,Neural functional correlates of the impact of socio-emotional stimuli on performances on a flanker task in children aged 9–11 years,M. Réveillon; F. Lazeyras; Laurens Van Calster; Y. Cojan; D. Sander; P. Hüppi; K. Barisnikov,Neuropsychologia
oPNwW2Ve37Xy-2cqqVDudEJjW,oPNwW2Ve37Xy,2cqqVDudEJjW,flanker,Socio-emotional Flanker Task,Faces congruent>Scrambled congruent-2,Neural functional correlates of the impact of socio-emotional stimuli on performances on a flanker task in children aged 9–11 years,M. Réveillon; F. Lazeyras; Laurens Van Calster; Y. Cojan; D. Sander; P. Hüppi; K. Barisnikov,Neuropsychologia
oPNwW2Ve37Xy-3o4FA5zpj5HE,oPNwW2Ve37Xy,3o4FA5zpj5HE,flanker,Socio-emotional Flanker Task,Faces incongruent>Scrambled incongruent,Neural functional correlates of the impact of socio-emotional stimuli on performances on a flanker task in children aged 9–11 years,M. Réveillon; F. Lazeyras; Laurens Van Calster; Y. Cojan; D. Sander; P. Hüppi; K. Barisnikov,Neuropsychologia
oPNwW2Ve37Xy-8xPzapJB8Mrn,oPNwW2Ve37Xy,8xPzapJB8Mrn,flanker,Socio-emotional Flanker Task,Scrambled>Faces,Neural functional correlates of the impact of socio-emotional stimuli on performances on a flanker task in children aged 9–11 years,M. Réveillon; F. Lazeyras; Laurens Van Calster; Y. Cojan; D. Sander; P. Hüppi; K. Barisnikov,Neuropsychologia
oPNwW2Ve37Xy-9QvZaaHutSmR,oPNwW2Ve37Xy,9QvZaaHutSmR,flanker,Socio-emotional Flanker Task,Scrambled>Faces-2,Neural functional correlates of the impact of socio-emotional stimuli on performances on a flanker task in children aged 9–11 years,M. Réveillon; F. Lazeyras; Laurens Van Calster; Y. Cojan; D. Sander; P. Hüppi; K. Barisnikov,Neuropsychologia
oPNwW2Ve37Xy-yZEuJFRxiicL,oPNwW2Ve37Xy,yZEuJFRxiicL,flanker,Socio-emotional Flanker Task,Scrambled incongruent>Faces incongruent,Neural functional correlates of the impact of socio-emotional stimuli on performances on a flanker task in children aged 9–11 years,M. Réveillon; F. Lazeyras; Laurens Van Calster; Y. Cojan; D. Sander; P. Hüppi; K. Barisnikov,Neuropsychologia
oPNwW2Ve37Xy-yhMqCeJgJ5Up,oPNwW2Ve37Xy,yhMqCeJgJ5Up,flanker,Socio-emotional Flanker Task,Faces>Scrambled,Neural functional correlates of the impact of socio-emotional stimuli on performances on a flanker task in children aged 9–11 years,M. Réveillon; F. Lazeyras; Laurens Van Calster; Y. Cojan; D. Sander; P. Hüppi; K. Barisnikov,Neuropsychologia
oPNwW2Ve37Xy-zxbP8wJifQT7,oPNwW2Ve37Xy,zxbP8wJifQT7,flanker,Socio-emotional Flanker Task,Faces congruent>Scrambled congruent,Neural functional correlates of the impact of socio-emotional stimuli on performances on a flanker task in children aged 9–11 years,M. Réveillon; F. Lazeyras; Laurens Van Calster; Y. Cojan; D. Sander; P. Hüppi; K. Barisnikov,Neuropsychologia
pPQm2MJRWafy-FgNML4QNGLja,pPQm2MJRWafy,FgNML4QNGLja,flanker,Modified Flanker Task,tbl0005,Dissociable neural correlates of spatial attention and response inhibition in spatially driven interference,Kyongmyon Yi; Chobok Kim,Neuroscience Letters
pc2BkTY3rNkf-U2BAKkLxC5jt,pc2BkTY3rNkf,U2BAKkLxC5jt,flanker,Self-Referential Processing (SRP)-Flanker Task,Dorsolateral prefrontal cortex,Adolescent Gender Differences in Cognitive Control Performance and Functional Connectivity Between Default Mode and Fronto-Parietal Networks Within a Self-Referential Context,Gabriela Alarcón; Jennifer H. Pfeifer; D. Fair; B. Nagel,Frontiers in Behavioral Neuroscience
pc2BkTY3rNkf-Vnuingef4FLm,pc2BkTY3rNkf,Vnuingef4FLm,flanker,Self-Referential Processing (SRP)-Flanker Task,Medial prefrontal cortex,Adolescent Gender Differences in Cognitive Control Performance and Functional Connectivity Between Default Mode and Fronto-Parietal Networks Within a Self-Referential Context,Gabriela Alarcón; Jennifer H. Pfeifer; D. Fair; B. Nagel,Frontiers in Behavioral Neuroscience
pc2BkTY3rNkf-XPwZm7bMAwSx,pc2BkTY3rNkf,XPwZm7bMAwSx,flanker,Self-Referential Processing (SRP)-Flanker Task,Main effect of gender,Adolescent Gender Differences in Cognitive Control Performance and Functional Connectivity Between Default Mode and Fronto-Parietal Networks Within a Self-Referential Context,Gabriela Alarcón; Jennifer H. Pfeifer; D. Fair; B. Nagel,Frontiers in Behavioral Neuroscience
pc2BkTY3rNkf-vyMRWdpNnLBS,pc2BkTY3rNkf,vyMRWdpNnLBS,flanker,Self-Referential Processing (SRP)-Flanker Task,Condition-by-gender interaction,Adolescent Gender Differences in Cognitive Control Performance and Functional Connectivity Between Default Mode and Fronto-Parietal Networks Within a Self-Referential Context,Gabriela Alarcón; Jennifer H. Pfeifer; D. Fair; B. Nagel,Frontiers in Behavioral Neuroscience
q6W6QcK46wez-CTr9YsaNxxzx,q6W6QcK46wez,CTr9YsaNxxzx,flanker,Modified Eriksen Flanker Task,c) Main effect of negative emotion (negative > neutral trials),Emotional salience but not valence impacts anterior cingulate cortex conflict processing,S. X. Duggirala; M. Belyk; M. Schwartze; Philipp Kanske; S. Kotz,"Cognitive, Affective, & Behavioral Neuroscience"
q6W6QcK46wez-PoqMb5BZPrdn,q6W6QcK46wez,PoqMb5BZPrdn,flanker,Modified Eriksen Flanker Task,b) Main effect of emotion (emotional > neutral trials irrespective of the congruency),Emotional salience but not valence impacts anterior cingulate cortex conflict processing,S. X. Duggirala; M. Belyk; M. Schwartze; Philipp Kanske; S. Kotz,"Cognitive, Affective, & Behavioral Neuroscience"
q6W6QcK46wez-VrkYLxemsCW5,q6W6QcK46wez,VrkYLxemsCW5,flanker,Modified Eriksen Flanker Task,a) Main effect of congruency (IC > C irrespective of the stimulus type),Emotional salience but not valence impacts anterior cingulate cortex conflict processing,S. X. Duggirala; M. Belyk; M. Schwartze; Philipp Kanske; S. Kotz,"Cognitive, Affective, & Behavioral Neuroscience"
q6W6QcK46wez-rGYDPSojwbWA,q6W6QcK46wez,rGYDPSojwbWA,flanker,Modified Eriksen Flanker Task,d) Main effect of positive emotion (positive > neutral trials),Emotional salience but not valence impacts anterior cingulate cortex conflict processing,S. X. Duggirala; M. Belyk; M. Schwartze; Philipp Kanske; S. Kotz,"Cognitive, Affective, & Behavioral Neuroscience"
rjGNu29r6sdK-yRT5cHL8mNsV,rjGNu29r6sdK,yRT5cHL8mNsV,flanker,Flanker Task,Table 2,Bilingual Contexts Modulate the Inhibitory Control Network,"Yang, Jing; Ye, Jianqiao; Wang, Ruiming; Zhou, Ke; Wu, Yan Jing",Front Psychol
ro4HeJ92ogvN-Gx3aAvGrYAhu,ro4HeJ92ogvN,Gx3aAvGrYAhu,flanker,Flanker Task,[(COi–COc) – (CSi–CSc)] – [(ROi–ROc) – (RSi–RSc)],An investigation of the neural substrates of mind wandering induced by viewing traditional Chinese landscape paintings,Tingting Wang; L. Mo; O. Vartanian; Jonathan S. Cant; G. Cupchik,Frontiers in Human Neuroscience
ro4HeJ92ogvN-YkxHbbkCcGwH,ro4HeJ92ogvN,YkxHbbkCcGwH,flanker,Flanker Task,Incongruent flankers – Congruent flankers,An investigation of the neural substrates of mind wandering induced by viewing traditional Chinese landscape paintings,Tingting Wang; L. Mo; O. Vartanian; Jonathan S. Cant; G. Cupchik,Frontiers in Human Neuroscience
rzQ3GZ8sHXeQ-874J2ewpggdn,rzQ3GZ8sHXeQ,874J2ewpggdn,flanker,Modified Flanker Task,Error vs. conflict,Conflict monitoring and error processing: New insights from simultaneous EEG–fMRI,Reto Iannaccone; T. Hauser; P. Staempfli; S. Walitza; D. Brandeis; S. Brem,NeuroImage
rzQ3GZ8sHXeQ-ADPpsrrywGCR,rzQ3GZ8sHXeQ,ADPpsrrywGCR,flanker,Modified Flanker Task,ERN,Conflict monitoring and error processing: New insights from simultaneous EEG–fMRI,Reto Iannaccone; T. Hauser; P. Staempfli; S. Walitza; D. Brandeis; S. Brem,NeuroImage
rzQ3GZ8sHXeQ-KxBnZcsTiZWF,rzQ3GZ8sHXeQ,KxBnZcsTiZWF,flanker,Modified Flanker Task,ERN vs. N2,Conflict monitoring and error processing: New insights from simultaneous EEG–fMRI,Reto Iannaccone; T. Hauser; P. Staempfli; S. Walitza; D. Brandeis; S. Brem,NeuroImage
rzQ3GZ8sHXeQ-Lz5cdMePMfnW,rzQ3GZ8sHXeQ,Lz5cdMePMfnW,flanker,Modified Flanker Task,Single trial analysis,Conflict monitoring and error processing: New insights from simultaneous EEG–fMRI,Reto Iannaccone; T. Hauser; P. Staempfli; S. Walitza; D. Brandeis; S. Brem,NeuroImage
rzQ3GZ8sHXeQ-MGgdYhWan2CH,rzQ3GZ8sHXeQ,MGgdYhWan2CH,flanker,Modified Flanker Task,Conflict and error,Conflict monitoring and error processing: New insights from simultaneous EEG–fMRI,Reto Iannaccone; T. Hauser; P. Staempfli; S. Walitza; D. Brandeis; S. Brem,NeuroImage
rzQ3GZ8sHXeQ-MxcyKtEHvAMS,rzQ3GZ8sHXeQ,MxcyKtEHvAMS,flanker,Modified Flanker Task,Conventional fMRI-2,Conflict monitoring and error processing: New insights from simultaneous EEG–fMRI,Reto Iannaccone; T. Hauser; P. Staempfli; S. Walitza; D. Brandeis; S. Brem,NeuroImage
rzQ3GZ8sHXeQ-NBWr6Ta5sZVZ,rzQ3GZ8sHXeQ,NBWr6Ta5sZVZ,flanker,Modified Flanker Task,Conflict processing,Conflict monitoring and error processing: New insights from simultaneous EEG–fMRI,Reto Iannaccone; T. Hauser; P. Staempfli; S. Walitza; D. Brandeis; S. Brem,NeuroImage
rzQ3GZ8sHXeQ-NKr3GMTMn4C3,rzQ3GZ8sHXeQ,NKr3GMTMn4C3,flanker,Modified Flanker Task,Conflict vs. error,Conflict monitoring and error processing: New insights from simultaneous EEG–fMRI,Reto Iannaccone; T. Hauser; P. Staempfli; S. Walitza; D. Brandeis; S. Brem,NeuroImage
rzQ3GZ8sHXeQ-SZbAwUAg6AKD,rzQ3GZ8sHXeQ,SZbAwUAg6AKD,flanker,Modified Flanker Task,Conventional fMRI,Conflict monitoring and error processing: New insights from simultaneous EEG–fMRI,Reto Iannaccone; T. Hauser; P. Staempfli; S. Walitza; D. Brandeis; S. Brem,NeuroImage
rzQ3GZ8sHXeQ-UfDm5sgy6n3M,rzQ3GZ8sHXeQ,UfDm5sgy6n3M,flanker,Modified Flanker Task,ERN and N2,Conflict monitoring and error processing: New insights from simultaneous EEG–fMRI,Reto Iannaccone; T. Hauser; P. Staempfli; S. Walitza; D. Brandeis; S. Brem,NeuroImage
rzQ3GZ8sHXeQ-xiYaZHuVzZ6H,rzQ3GZ8sHXeQ,xiYaZHuVzZ6H,flanker,Modified Flanker Task,Error processing,Conflict monitoring and error processing: New insights from simultaneous EEG–fMRI,Reto Iannaccone; T. Hauser; P. Staempfli; S. Walitza; D. Brandeis; S. Brem,NeuroImage
rzQ3GZ8sHXeQ-zMX45PWovd2A,rzQ3GZ8sHXeQ,zMX45PWovd2A,flanker,Modified Flanker Task,N2,Conflict monitoring and error processing: New insights from simultaneous EEG–fMRI,Reto Iannaccone; T. Hauser; P. Staempfli; S. Walitza; D. Brandeis; S. Brem,NeuroImage
sV6mPFPR56xc-2p6YaT5yZzK3,sV6mPFPR56xc,2p6YaT5yZzK3,flanker,Eriksen Flanker Task and Garner Effect,INTERACTION-3,Neural Control of Enhanced Filtering Demands in a Combined Flanker and Garner Conflict Task,D. Berron; S. Frühholz; M. Herrmann,PLoS ONE
sV6mPFPR56xc-KjMEHy3aPwAH,sV6mPFPR56xc,KjMEHy3aPwAH,flanker,Eriksen Flanker Task and Garner Effect,FLANKER,Neural Control of Enhanced Filtering Demands in a Combined Flanker and Garner Conflict Task,D. Berron; S. Frühholz; M. Herrmann,PLoS ONE
sV6mPFPR56xc-LTPLNpQt49fM,sV6mPFPR56xc,LTPLNpQt49fM,flanker,Eriksen Flanker Task and Garner Effect,INTERACTION-2,Neural Control of Enhanced Filtering Demands in a Combined Flanker and Garner Conflict Task,D. Berron; S. Frühholz; M. Herrmann,PLoS ONE
sV6mPFPR56xc-TfiZwTQ27DQ9,sV6mPFPR56xc,TfiZwTQ27DQ9,flanker,Eriksen Flanker Task and Garner Effect,GARNER,Neural Control of Enhanced Filtering Demands in a Combined Flanker and Garner Conflict Task,D. Berron; S. Frühholz; M. Herrmann,PLoS ONE
sV6mPFPR56xc-YvBRipw7MnS3,sV6mPFPR56xc,YvBRipw7MnS3,flanker,Eriksen Flanker Task and Garner Effect,INTERACTION,Neural Control of Enhanced Filtering Demands in a Combined Flanker and Garner Conflict Task,D. Berron; S. Frühholz; M. Herrmann,PLoS ONE
sV6mPFPR56xc-p7ETvAGK8C4d,sV6mPFPR56xc,p7ETvAGK8C4d,flanker,Eriksen Flanker Task and Garner Effect,FLANKER-3,Neural Control of Enhanced Filtering Demands in a Combined Flanker and Garner Conflict Task,D. Berron; S. Frühholz; M. Herrmann,PLoS ONE
sV6mPFPR56xc-u4aUGU5uP6ss,sV6mPFPR56xc,u4aUGU5uP6ss,flanker,Eriksen Flanker Task and Garner Effect,GARNER-2,Neural Control of Enhanced Filtering Demands in a Combined Flanker and Garner Conflict Task,D. Berron; S. Frühholz; M. Herrmann,PLoS ONE
sV6mPFPR56xc-yJTLJot5oyLV,sV6mPFPR56xc,yJTLJot5oyLV,flanker,Eriksen Flanker Task and Garner Effect,FLANKER-2,Neural Control of Enhanced Filtering Demands in a Combined Flanker and Garner Conflict Task,D. Berron; S. Frühholz; M. Herrmann,PLoS ONE
tWNrBKumidQC-K4cKGWjtES7v,tWNrBKumidQC,K4cKGWjtES7v,flanker,Eriksen Flanker Task,Cortical areas showing significant activation when the subject received a failure feedback and gave a correct response in the next trial.,Neural substrates underlying reconcentration for the preparation of an appropriate cognitive state to prevent future mistakes: a functional magnetic resonance imaging study,N. Miura; Takayuki Nozawa; Makoto Takahashi; Ryoichi Yokoyama; Yukako Sasaki; Kohei Sakaki; R. Kawashima,Frontiers in Human Neuroscience
tWNrBKumidQC-kV6G3r3d8hKP,tWNrBKumidQC,kV6G3r3d8hKP,flanker,Eriksen Flanker Task,Cortical areas showing significant activation reflecting recognition of own mistake which was represented by comparison between conditions that failure feedback has been received vs. success feedback has been received in current trial,Neural substrates underlying reconcentration for the preparation of an appropriate cognitive state to prevent future mistakes: a functional magnetic resonance imaging study,N. Miura; Takayuki Nozawa; Makoto Takahashi; Ryoichi Yokoyama; Yukako Sasaki; Kohei Sakaki; R. Kawashima,Frontiers in Human Neuroscience
taTVGThuXmBB-Q2oPghLHuHtP,taTVGThuXmBB,Q2oPghLHuHtP,flanker,Rey Auditory Verbal Learning Test (RAVLT) | Flanker Task | Spatial Memory Task,F,Voxel-Mirrored Homotopic Connectivity Associated With Change of Cognitive Function in Chronic Pontine Stroke,Luobing Wu; Caihong Wang; Jingchun Liu; Jun Guo; Ying Wei; Kaiyu Wang; Peifang Miao; Yingying Wang; Jingliang Cheng,Frontiers in Aging Neuroscience
tq5AXnQREDge-CKUHwuYwPUxj,tq5AXnQREDge,CKUHwuYwPUxj,flanker,Flanker Task,table-1,"Dissociation of response conflict, attentional selection, and expectancy with functional magnetic resonance imaging.",B. Casey; K. Thomas; Tom Welsh; R. Badgaiyan; Clayton H. Eccard; J. Jennings; E. Crone,Proceedings of the National Academy of Sciences of the United States of America
uf9duSM6M22j-EK5qcA3fayvh,uf9duSM6M22j,EK5qcA3fayvh,flanker,Posner Flanker Task,Temporal lobe,Relationship between white matter glucose metabolism and fractional anisotropy in healthy and schizophrenia subjects,S. Mitelman; M. Buchsbaum; B. Christian; Brian M. Merrill; M. Adineh; A. DeCastro; B. Buchsbaum; D. Lehrer,Psychiatry Research: Neuroimaging
uf9duSM6M22j-F6xt2sJD3yWJ,uf9duSM6M22j,F6xt2sJD3yWJ,flanker,Posner Flanker Task,Internal capsule,Relationship between white matter glucose metabolism and fractional anisotropy in healthy and schizophrenia subjects,S. Mitelman; M. Buchsbaum; B. Christian; Brian M. Merrill; M. Adineh; A. DeCastro; B. Buchsbaum; D. Lehrer,Psychiatry Research: Neuroimaging
uf9duSM6M22j-ci5NfytYr3TJ,uf9duSM6M22j,ci5NfytYr3TJ,flanker,Posner Flanker Task,tbl0003,Relationship between white matter glucose metabolism and fractional anisotropy in healthy and schizophrenia subjects,S. Mitelman; M. Buchsbaum; B. Christian; Brian M. Merrill; M. Adineh; A. DeCastro; B. Buchsbaum; D. Lehrer,Psychiatry Research: Neuroimaging
uf9duSM6M22j-e3v7UFvP5eVr,uf9duSM6M22j,e3v7UFvP5eVr,flanker,Posner Flanker Task,Frontal lobe,Relationship between white matter glucose metabolism and fractional anisotropy in healthy and schizophrenia subjects,S. Mitelman; M. Buchsbaum; B. Christian; Brian M. Merrill; M. Adineh; A. DeCastro; B. Buchsbaum; D. Lehrer,Psychiatry Research: Neuroimaging
ujpp8bg3uiUe-55yBZcLuKAuK,ujpp8bg3uiUe,55yBZcLuKAuK,flanker,Flanker Task,Clusters VGPs activated stronger than NVGPs in incongruent-congruent condition.,Neural Basis of Enhanced Executive Function in Older Video Game Players: An fMRI Study,Ping Wang; Xing-Ting Zhu; Zhigang Qi; Silin Huang; Huijie Li,Frontiers in Aging Neuroscience
wHYf38krsnfx-EgKXxzozeRFb,wHYf38krsnfx,EgKXxzozeRFb,flanker,Flanker Task,Parietal lobes,Brain activation during executive control after acute exercise in older adults.,Junyeon Won; Alfonso J Alfini; L. Weiss; Daniel D. Callow; J. Smith,International Journal of Psychophysiology
wHYf38krsnfx-UyLxH4xMgq8p,wHYf38krsnfx,UyLxH4xMgq8p,flanker,Flanker Task,Frontal lobes,Brain activation during executive control after acute exercise in older adults.,Junyeon Won; Alfonso J Alfini; L. Weiss; Daniel D. Callow; J. Smith,International Journal of Psychophysiology
wHYf38krsnfx-eA6kNiYoKx3C,wHYf38krsnfx,eA6kNiYoKx3C,flanker,Flanker Task,Occipital lobes,Brain activation during executive control after acute exercise in older adults.,Junyeon Won; Alfonso J Alfini; L. Weiss; Daniel D. Callow; J. Smith,International Journal of Psychophysiology
ws8tFdhpbr2c-4MVAzCC767LF,ws8tFdhpbr2c,4MVAzCC767LF,flanker,Visual Flanker Task,Novel > Standard Sound,Neural Mechanisms Underlying the Effects of Novel Sounds on Task Performance in Children With and Without ADHD,J. Tegelbeckers; A. Brechmann; C. Breitling-Ziegler; Bjoern Bonath; H. Flechtner; K. Krauel,Frontiers in Human Neuroscience
ws8tFdhpbr2c-8kboELBgTBJu,ws8tFdhpbr2c,8kboELBgTBJu,flanker,Visual Flanker Task,Standard > No Sound,Neural Mechanisms Underlying the Effects of Novel Sounds on Task Performance in Children With and Without ADHD,J. Tegelbeckers; A. Brechmann; C. Breitling-Ziegler; Bjoern Bonath; H. Flechtner; K. Krauel,Frontiers in Human Neuroscience
ws8tFdhpbr2c-hPJLxRVMJAMa,ws8tFdhpbr2c,hPJLxRVMJAMa,flanker,Visual Flanker Task,Novel > No Sound,Neural Mechanisms Underlying the Effects of Novel Sounds on Task Performance in Children With and Without ADHD,J. Tegelbeckers; A. Brechmann; C. Breitling-Ziegler; Bjoern Bonath; H. Flechtner; K. Krauel,Frontiers in Human Neuroscience
ws8tFdhpbr2c-xZ4DJQ2D9F8w,ws8tFdhpbr2c,xZ4DJQ2D9F8w,flanker,Visual Flanker Task,ADHD > TD,Neural Mechanisms Underlying the Effects of Novel Sounds on Task Performance in Children With and Without ADHD,J. Tegelbeckers; A. Brechmann; C. Breitling-Ziegler; Bjoern Bonath; H. Flechtner; K. Krauel,Frontiers in Human Neuroscience
x3C8cFysGiZY-vYCc5i3wk359,x3C8cFysGiZY,vYCc5i3wk359,flanker,Flanker Task,table1,Parametric manipulation of conflict and response competition using rapid mixed-trial event-related fMRI,S. Durston; M. Davidson; K. Thomas; M. Worden; N. Tottenham; N. Tottenham; Antígona Martínez; R. Watts; A. Uluğ; B. Casey,NeuroImage
yFAfSmmuCWfu-BKf6iovty4ia,yFAfSmmuCWfu,BKf6iovty4ia,flanker,Reward Flanker Task (RFT),Baseline PPE & Follow-Up CDRS-R (N = 32),Reward function as an outcome predictor in youth with mood and anxiety symptoms.,Qi Liu; Benjamin A. Ely; Joshua J Schwartz; C. Alonso; E. Stern; Vilma Gabbay,Journal of Affective Disorders
yFAfSmmuCWfu-EZ7Z9cenrLr7,yFAfSmmuCWfu,EZ7Z9cenrLr7,flanker,Reward Flanker Task (RFT),Baseline Reward Attainment & Follow-Up BSSI in Clinical Cohort (n = 22),Reward function as an outcome predictor in youth with mood and anxiety symptoms.,Qi Liu; Benjamin A. Ely; Joshua J Schwartz; C. Alonso; E. Stern; Vilma Gabbay,Journal of Affective Disorders
yFAfSmmuCWfu-YZCP3PXTMtFj,yFAfSmmuCWfu,YZCP3PXTMtFj,flanker,Reward Flanker Task (RFT),Baseline PPE & Follow-Up SHAPS in Clinical Cohort (n = 22),Reward function as an outcome predictor in youth with mood and anxiety symptoms.,Qi Liu; Benjamin A. Ely; Joshua J Schwartz; C. Alonso; E. Stern; Vilma Gabbay,Journal of Affective Disorders
yFAfSmmuCWfu-dFvug5eUXYyD,yFAfSmmuCWfu,dFvug5eUXYyD,flanker,Reward Flanker Task (RFT),Baseline PPE & Follow-Up SHAPS (N = 32),Reward function as an outcome predictor in youth with mood and anxiety symptoms.,Qi Liu; Benjamin A. Ely; Joshua J Schwartz; C. Alonso; E. Stern; Vilma Gabbay,Journal of Affective Disorders
z7iKwfbyWCF3-ZQxawJUtkNuR,z7iKwfbyWCF3,ZQxawJUtkNuR,flanker,Emotional Conflict Task | Cognitive Conflict Task (Flanker Task),ROIs defined as nodes of the network,Effects of contextualized emotional conflict control on domain-general conflict control: fMRI evidence of neural network reconfiguration,Tingting Guo; Xiyuan Wang; Junjie Wu; John W. Schwieter; Huanhuan Liu,Social Cognitive and Affective Neuroscience
2DMUS9MeRxqW-8yjf2zEWEJgv,2DMUS9MeRxqW,8yjf2zEWEJgv,n-back,One-Back Working Memory Task | Pavlovian Fear Conditioning,II. High > Low ϵ Prediction Regressor,Formal Learning Theory Dissociates Brain Regions with Different Temporal Integration,J. Gläscher; C. Büchel,Neuron
2DMUS9MeRxqW-XSvaHoFaRbV5,2DMUS9MeRxqW,XSvaHoFaRbV5,n-back,One-Back Working Memory Task | Pavlovian Fear Conditioning,II. Large > Small ϵ Prediction Regressor,Formal Learning Theory Dissociates Brain Regions with Different Temporal Integration,J. Gläscher; C. Büchel,Neuron
2DMUS9MeRxqW-YFRXFAAViuta,2DMUS9MeRxqW,YFRXFAAViuta,n-back,One-Back Working Memory Task | Pavlovian Fear Conditioning,I. Low > High ϵ Prediction Regressor,Formal Learning Theory Dissociates Brain Regions with Different Temporal Integration,J. Gläscher; C. Büchel,Neuron
2DMUS9MeRxqW-aDdJ79JxAMjv,2DMUS9MeRxqW,aDdJ79JxAMjv,n-back,One-Back Working Memory Task | Pavlovian Fear Conditioning,I. Small > Large ϵ Prediction Regressor,Formal Learning Theory Dissociates Brain Regions with Different Temporal Integration,J. Gläscher; C. Büchel,Neuron
2EbmXrALLcf5-ArwXrqTaz3Rv,2EbmXrALLcf5,ArwXrqTaz3Rv,n-back,n-back task,State 2,Aberrant Brain Dynamics in Schizophrenia During Working Memory Task: Evidence From a Replication Functional MRI Study.,Feiwen Wang; Zhening Liu; S. Ford; Mengjie Deng; Wen Zhang; Jie Yang; L. Palaniyappan,Schizophrenia bulletin
2EbmXrALLcf5-qiUTit7jKuNn,2EbmXrALLcf5,qiUTit7jKuNn,n-back,n-back task,State 1,Aberrant Brain Dynamics in Schizophrenia During Working Memory Task: Evidence From a Replication Functional MRI Study.,Feiwen Wang; Zhening Liu; S. Ford; Mengjie Deng; Wen Zhang; Jie Yang; L. Palaniyappan,Schizophrenia bulletin
2Hf9zPhpDwsu-DZxs4Ti3w58J,2Hf9zPhpDwsu,DZxs4Ti3w58J,n-back,n-back task,Sub-lobar,A coordinate-based meta-analysis of the n-back working memory paradigm using activation likelihood estimation,Hui Wang; Weijiang He; Jingting Wu; Junjun Zhang; Zhenlan Jin; Ling Li,Brain and Cognition
2Hf9zPhpDwsu-QCnAsaSvP24j,2Hf9zPhpDwsu,QCnAsaSvP24j,n-back,n-back task,Load: 2-back > 1-back,A coordinate-based meta-analysis of the n-back working memory paradigm using activation likelihood estimation,Hui Wang; Weijiang He; Jingting Wu; Junjun Zhang; Zhenlan Jin; Ling Li,Brain and Cognition
2Hf9zPhpDwsu-QvprjzFQGzxr,2Hf9zPhpDwsu,QvprjzFQGzxr,n-back,n-back task,Frontal,A coordinate-based meta-analysis of the n-back working memory paradigm using activation likelihood estimation,Hui Wang; Weijiang He; Jingting Wu; Junjun Zhang; Zhenlan Jin; Ling Li,Brain and Cognition
2Hf9zPhpDwsu-Wt9TVVCtPUUF,2Hf9zPhpDwsu,Wt9TVVCtPUUF,n-back,n-back task,Parietal,A coordinate-based meta-analysis of the n-back working memory paradigm using activation likelihood estimation,Hui Wang; Weijiang He; Jingting Wu; Junjun Zhang; Zhenlan Jin; Ling Li,Brain and Cognition
2Hf9zPhpDwsu-hn9hcXrE8nxi,2Hf9zPhpDwsu,hn9hcXrE8nxi,n-back,n-back task,Object: identity > location,A coordinate-based meta-analysis of the n-back working memory paradigm using activation likelihood estimation,Hui Wang; Weijiang He; Jingting Wu; Junjun Zhang; Zhenlan Jin; Ling Li,Brain and Cognition
2Hf9zPhpDwsu-kTiefGEUBGon,2Hf9zPhpDwsu,kTiefGEUBGon,n-back,n-back task,Occipital,A coordinate-based meta-analysis of the n-back working memory paradigm using activation likelihood estimation,Hui Wang; Weijiang He; Jingting Wu; Junjun Zhang; Zhenlan Jin; Ling Li,Brain and Cognition
2Hf9zPhpDwsu-m8wiXGkY2wMs,2Hf9zPhpDwsu,m8wiXGkY2wMs,n-back,n-back task,Posterior,A coordinate-based meta-analysis of the n-back working memory paradigm using activation likelihood estimation,Hui Wang; Weijiang He; Jingting Wu; Junjun Zhang; Zhenlan Jin; Ling Li,Brain and Cognition
2Hf9zPhpDwsu-sXSPW9FB8yQp,2Hf9zPhpDwsu,sXSPW9FB8yQp,n-back,n-back task,Age: younger > older,A coordinate-based meta-analysis of the n-back working memory paradigm using activation likelihood estimation,Hui Wang; Weijiang He; Jingting Wu; Junjun Zhang; Zhenlan Jin; Ling Li,Brain and Cognition
2UaRWocBM7tw-5A8SssMNERTv,2UaRWocBM7tw,5A8SssMNERTv,n-back,Visuospatial n-back task,Coordinates ROI,Compensatory Frontoparietal Activity During Working Memory: An Endophenotype of Obsessive-Compulsive Disorder,F. D. Vries; S. D. Wit; D. Cath; Y. D. Werf; Vionne van der Borden; Thomas B. van Rossum; A. Balkom; N. Wee; D. Veltman; O. V. D. Heuvel,Biological Psychiatry
2UaRWocBM7tw-7LHCoRosjyL4,2UaRWocBM7tw,7LHCoRosjyL4,n-back,Visuospatial n-back task,Precuneus,Compensatory Frontoparietal Activity During Working Memory: An Endophenotype of Obsessive-Compulsive Disorder,F. D. Vries; S. D. Wit; D. Cath; Y. D. Werf; Vionne van der Borden; Thomas B. van Rossum; A. Balkom; N. Wee; D. Veltman; O. V. D. Heuvel,Biological Psychiatry
2UaRWocBM7tw-8iMHKwCL95ex,2UaRWocBM7tw,8iMHKwCL95ex,n-back,Visuospatial n-back task,Dorsolateral Prefrontal Cortex,Compensatory Frontoparietal Activity During Working Memory: An Endophenotype of Obsessive-Compulsive Disorder,F. D. Vries; S. D. Wit; D. Cath; Y. D. Werf; Vionne van der Borden; Thomas B. van Rossum; A. Balkom; N. Wee; D. Veltman; O. V. D. Heuvel,Biological Psychiatry
2UaRWocBM7tw-9KRwgUJApbAN,2UaRWocBM7tw,9KRwgUJApbAN,n-back,Visuospatial n-back task,Inferior Parietal Cortex,Compensatory Frontoparietal Activity During Working Memory: An Endophenotype of Obsessive-Compulsive Disorder,F. D. Vries; S. D. Wit; D. Cath; Y. D. Werf; Vionne van der Borden; Thomas B. van Rossum; A. Balkom; N. Wee; D. Veltman; O. V. D. Heuvel,Biological Psychiatry
2UaRWocBM7tw-M8ReA57fWxNf,2UaRWocBM7tw,M8ReA57fWxNf,n-back,Visuospatial n-back task,Premotor Cortex/Presupplementary Motor Area,Compensatory Frontoparietal Activity During Working Memory: An Endophenotype of Obsessive-Compulsive Disorder,F. D. Vries; S. D. Wit; D. Cath; Y. D. Werf; Vionne van der Borden; Thomas B. van Rossum; A. Balkom; N. Wee; D. Veltman; O. V. D. Heuvel,Biological Psychiatry
2UaRWocBM7tw-S3eDe3Axeo3e,2UaRWocBM7tw,S3eDe3Axeo3e,n-back,Visuospatial n-back task,Coordinates Owen et al. 2005,Compensatory Frontoparietal Activity During Working Memory: An Endophenotype of Obsessive-Compulsive Disorder,F. D. Vries; S. D. Wit; D. Cath; Y. D. Werf; Vionne van der Borden; Thomas B. van Rossum; A. Balkom; N. Wee; D. Veltman; O. V. D. Heuvel,Biological Psychiatry
2UaRWocBM7tw-fFJmfDtfeWee,2UaRWocBM7tw,fFJmfDtfeWee,n-back,Visuospatial n-back task,Dorsal Anterior Cingulum,Compensatory Frontoparietal Activity During Working Memory: An Endophenotype of Obsessive-Compulsive Disorder,F. D. Vries; S. D. Wit; D. Cath; Y. D. Werf; Vionne van der Borden; Thomas B. van Rossum; A. Balkom; N. Wee; D. Veltman; O. V. D. Heuvel,Biological Psychiatry
2dcZGbfGZg7y-ALxUL6dEUTtY,2dcZGbfGZg7y,ALxUL6dEUTtY,n-back,n-back task | Counting Stroop task,"Table V. Regression analysis of the 0-back versus rest condition (n = 32a; multivariable regression analysis; Puncorrected < 0.001, k ≥ 20)",Postconcussion syndrome after minor head injury: Brain activation of working memory and attention,M. Smits; D. Dippel; G. Houston; P. Wielopolski; P. Koudstaal; M. Hunink; A. van der Lugt,Human Brain Mapping
2dcZGbfGZg7y-CUXR67VFaPQC,2dcZGbfGZg7y,CUXR67VFaPQC,n-back,n-back task | Counting Stroop task,"Table VII. Regression analysis of the 2-back versus 0-back condition (n = 32a; multivariable regression analysis; Puncorrected < 0.001, k 6gt; 20)",Postconcussion syndrome after minor head injury: Brain activation of working memory and attention,M. Smits; D. Dippel; G. Houston; P. Wielopolski; P. Koudstaal; M. Hunink; A. van der Lugt,Human Brain Mapping
2dcZGbfGZg7y-F7LnRQ9ey7Hr,2dcZGbfGZg7y,F7LnRQ9ey7Hr,n-back,n-back task | Counting Stroop task,"Table IX. Regression analysis of the 2-back versus 1-back condition (n = 32a; multivariable regression analysis; Puncorrected < 0.001, k ≥ 20)",Postconcussion syndrome after minor head injury: Brain activation of working memory and attention,M. Smits; D. Dippel; G. Houston; P. Wielopolski; P. Koudstaal; M. Hunink; A. van der Lugt,Human Brain Mapping
2dcZGbfGZg7y-H2EyPeSWQUwW,2dcZGbfGZg7y,H2EyPeSWQUwW,n-back,n-back task | Counting Stroop task,"Table VIII. Main effect of the 2-back versus 1-back condition (n = 32a; one-sample t-test; Pcorrected < 0.05, k 60 20)",Postconcussion syndrome after minor head injury: Brain activation of working memory and attention,M. Smits; D. Dippel; G. Houston; P. Wielopolski; P. Koudstaal; M. Hunink; A. van der Lugt,Human Brain Mapping
2dcZGbfGZg7y-JHqYLmTta76t,2dcZGbfGZg7y,JHqYLmTta76t,n-back,n-back task | Counting Stroop task,"Table VI. Main effect of the 2-back versus 0-back condition (n = 32a; one-sample t-test; Pcorrected < 0.05, k ≥ 20)",Postconcussion syndrome after minor head injury: Brain activation of working memory and attention,M. Smits; D. Dippel; G. Houston; P. Wielopolski; P. Koudstaal; M. Hunink; A. van der Lugt,Human Brain Mapping
2dcZGbfGZg7y-TXeGBQPXgNS8,2dcZGbfGZg7y,TXeGBQPXgNS8,n-back,n-back task | Counting Stroop task,"Table IV. Main effect of the 0-back versus rest condition (n = 32a; one-sample t-test; Pcorrected < 0.05, k ≥ 20)",Postconcussion syndrome after minor head injury: Brain activation of working memory and attention,M. Smits; D. Dippel; G. Houston; P. Wielopolski; P. Koudstaal; M. Hunink; A. van der Lugt,Human Brain Mapping
2dcZGbfGZg7y-VRdNLuWoSiK3,2dcZGbfGZg7y,VRdNLuWoSiK3,n-back,n-back task | Counting Stroop task,"Table XI. Regression analysis of Stroop interference versus neutral condition (n = 32a; multivariable regression analysis; Puncorrected < 0.001, k 6ge; 20)",Postconcussion syndrome after minor head injury: Brain activation of working memory and attention,M. Smits; D. Dippel; G. Houston; P. Wielopolski; P. Koudstaal; M. Hunink; A. van der Lugt,Human Brain Mapping
2dcZGbfGZg7y-mcxoKRBsgtcq,2dcZGbfGZg7y,mcxoKRBsgtcq,n-back,n-back task | Counting Stroop task,"Main effect of the Stroop interference versus neutral condition (n = 32a; one-sample t-test; Pcorrected < 0.05, k ≥ 20)",Postconcussion syndrome after minor head injury: Brain activation of working memory and attention,M. Smits; D. Dippel; G. Houston; P. Wielopolski; P. Koudstaal; M. Hunink; A. van der Lugt,Human Brain Mapping
2m7uahRa2EYT-2tB7C9KWmEjA,2m7uahRa2EYT,2tB7C9KWmEjA,n-back,Mental subtraction task | 2-back task,MP > HC,Methylphenidate modulates activity within cognitive neural networks of patients with post-stroke major depression: A placebo-controlled fMRI study,R. Ramasubbu; B. Goodyear,Neuropsychiatric Disease and Treatment
2m7uahRa2EYT-5RBPotBqs9Tr,2m7uahRa2EYT,5RBPotBqs9Tr,n-back,Mental subtraction task | 2-back task,MP (Day 3 > Day 1),Methylphenidate modulates activity within cognitive neural networks of patients with post-stroke major depression: A placebo-controlled fMRI study,R. Ramasubbu; B. Goodyear,Neuropsychiatric Disease and Treatment
2m7uahRa2EYT-5hZdGibCCj56,2m7uahRa2EYT,5hZdGibCCj56,n-back,Mental subtraction task | 2-back task,MP (Day 3 > Day1),Methylphenidate modulates activity within cognitive neural networks of patients with post-stroke major depression: A placebo-controlled fMRI study,R. Ramasubbu; B. Goodyear,Neuropsychiatric Disease and Treatment
2m7uahRa2EYT-NvjMkz2RBKSB,2m7uahRa2EYT,NvjMkz2RBKSB,n-back,Mental subtraction task | 2-back task,MP > HC-2,Methylphenidate modulates activity within cognitive neural networks of patients with post-stroke major depression: A placebo-controlled fMRI study,R. Ramasubbu; B. Goodyear,Neuropsychiatric Disease and Treatment
2m7uahRa2EYT-S3dLjAG22QDK,2m7uahRa2EYT,S3dLjAG22QDK,n-back,Mental subtraction task | 2-back task,HC > Placebo-2,Methylphenidate modulates activity within cognitive neural networks of patients with post-stroke major depression: A placebo-controlled fMRI study,R. Ramasubbu; B. Goodyear,Neuropsychiatric Disease and Treatment
2m7uahRa2EYT-StffUKJuPa25,2m7uahRa2EYT,StffUKJuPa25,n-back,Mental subtraction task | 2-back task,Placebo (Day 3 > Day 1)-2,Methylphenidate modulates activity within cognitive neural networks of patients with post-stroke major depression: A placebo-controlled fMRI study,R. Ramasubbu; B. Goodyear,Neuropsychiatric Disease and Treatment
2m7uahRa2EYT-VUkkFPU3YsQm,2m7uahRa2EYT,VUkkFPU3YsQm,n-back,Mental subtraction task | 2-back task,Placebo > MP,Methylphenidate modulates activity within cognitive neural networks of patients with post-stroke major depression: A placebo-controlled fMRI study,R. Ramasubbu; B. Goodyear,Neuropsychiatric Disease and Treatment
2m7uahRa2EYT-WF6ppe4CWsng,2m7uahRa2EYT,WF6ppe4CWsng,n-back,Mental subtraction task | 2-back task,MP > Placebo,Methylphenidate modulates activity within cognitive neural networks of patients with post-stroke major depression: A placebo-controlled fMRI study,R. Ramasubbu; B. Goodyear,Neuropsychiatric Disease and Treatment
2m7uahRa2EYT-Xum92DggU7SZ,2m7uahRa2EYT,Xum92DggU7SZ,n-back,Mental subtraction task | 2-back task,Placebo > HC,Methylphenidate modulates activity within cognitive neural networks of patients with post-stroke major depression: A placebo-controlled fMRI study,R. Ramasubbu; B. Goodyear,Neuropsychiatric Disease and Treatment
2m7uahRa2EYT-eedkBvwtYYXH,2m7uahRa2EYT,eedkBvwtYYXH,n-back,Mental subtraction task | 2-back task,Placebo (Day 1 > Day 3),Methylphenidate modulates activity within cognitive neural networks of patients with post-stroke major depression: A placebo-controlled fMRI study,R. Ramasubbu; B. Goodyear,Neuropsychiatric Disease and Treatment
2m7uahRa2EYT-gYkA9MFxvmHL,2m7uahRa2EYT,gYkA9MFxvmHL,n-back,Mental subtraction task | 2-back task,MP > Placebo-2,Methylphenidate modulates activity within cognitive neural networks of patients with post-stroke major depression: A placebo-controlled fMRI study,R. Ramasubbu; B. Goodyear,Neuropsychiatric Disease and Treatment
2m7uahRa2EYT-pctpsmp2XadG,2m7uahRa2EYT,pctpsmp2XadG,n-back,Mental subtraction task | 2-back task,Placebo (Day 3 > Day 1),Methylphenidate modulates activity within cognitive neural networks of patients with post-stroke major depression: A placebo-controlled fMRI study,R. Ramasubbu; B. Goodyear,Neuropsychiatric Disease and Treatment
2m7uahRa2EYT-xsbWq6KzgaHd,2m7uahRa2EYT,xsbWq6KzgaHd,n-back,Mental subtraction task | 2-back task,MP (Day1 > Day 3),Methylphenidate modulates activity within cognitive neural networks of patients with post-stroke major depression: A placebo-controlled fMRI study,R. Ramasubbu; B. Goodyear,Neuropsychiatric Disease and Treatment
2m7uahRa2EYT-z7YeJz3jvamB,2m7uahRa2EYT,z7YeJz3jvamB,n-back,Mental subtraction task | 2-back task,HC > Placebo,Methylphenidate modulates activity within cognitive neural networks of patients with post-stroke major depression: A placebo-controlled fMRI study,R. Ramasubbu; B. Goodyear,Neuropsychiatric Disease and Treatment
2nuxnH2tn9XK-H7dXn4fq5tQM,2nuxnH2tn9XK,H7dXn4fq5tQM,n-back,Food Rating Task | Multi-Source Interference Task (MSIT) | n-back Task,MSIT,Rested-Baseline Responsivity of the Ventral Striatum Is Associated With Caloric and Macronutrient Intake During One Night of Sleep Deprivation,B. Satterfield; A. Raikes; W. Killgore,Frontiers in Psychiatry
2nuxnH2tn9XK-W67mP3dNmdqC,2nuxnH2tn9XK,W67mP3dNmdqC,n-back,Food Rating Task | Multi-Source Interference Task (MSIT) | n-back Task,n-back,Rested-Baseline Responsivity of the Ventral Striatum Is Associated With Caloric and Macronutrient Intake During One Night of Sleep Deprivation,B. Satterfield; A. Raikes; W. Killgore,Frontiers in Psychiatry
2tUkhVm47ewx-QAhqJnreYi8y,2tUkhVm47ewx,QAhqJnreYi8y,n-back,N-back Task,fMRI regions showing functional activation during the N-back tasks.,Multi-compartment diffusion magnetic resonance imaging models link tract-related characteristics with working memory performance in healthy older adults,Christopher E. Bauer; Valentinos Zachariou; P. Maillard; A. Caprihan; B. Gold,Frontiers in Aging Neuroscience
2uqcheoNtC2d-XMuAenzXYCMq,2uqcheoNtC2d,XMuAenzXYCMq,n-back,n-back task,List of brain regions showing higher relative FDG uptake during a working memory task compared to a preceding resting state.,Working memory task induced neural activation: A simultaneous PET/fMRI study,I. Ripp; Lara A. Wallenwein; Qiong Wu; Mónica Emch; K. Koch; P. Cumming; I. Yakushev,NeuroImage
2vSyHAfnfW3Q-rbcZw6gAHhkt,2vSyHAfnfW3Q,rbcZw6gAHhkt,n-back,Taiwanese Face Memory Test (TFMT) | One-Back Working Memory Task | Dynamic Face Localizer Task,t3,Predicting Performances on Processing and Memorizing East Asian Faces from Brain Activities in Face-Selective Regions: A Neurocomputational Approach,G. Shyi; P. Cheng; S. Huang; C.-C. Lee; Felix F.-S. Tsai; Wan-Ting Hsieh; Becky Chen,Frontiers in Human Neuroscience
2vvd3BTGHTDt-SvNjWs8YQsTm,2vvd3BTGHTDt,SvNjWs8YQsTm,n-back,Modified Verbal 2-Back Task,All lure trials with increasing RTIS as parametric modulator,Automatic and effortful control of interference in working memory can be distinguished by unique behavioral and functional brain representations,G. Samrani; J. Persson,NeuroImage
2vvd3BTGHTDt-dqbVNg6LKSLo,2vvd3BTGHTDt,dqbVNg6LKSLo,n-back,Modified Verbal 2-Back Task,proximal lures (interference) > new items (no interference),Automatic and effortful control of interference in working memory can be distinguished by unique behavioral and functional brain representations,G. Samrani; J. Persson,NeuroImage
2vvd3BTGHTDt-erpTfhfmLtXW,2vvd3BTGHTDt,erpTfhfmLtXW,n-back,Modified Verbal 2-Back Task,3 back lures non-repeated > 3 back lures repeated,Automatic and effortful control of interference in working memory can be distinguished by unique behavioral and functional brain representations,G. Samrani; J. Persson,NeuroImage
2vvd3BTGHTDt-heTZnqw8bGSa,2vvd3BTGHTDt,heTZnqw8bGSa,n-back,Modified Verbal 2-Back Task,"High interference trials only, with increasing lure distance as parametric modulator",Automatic and effortful control of interference in working memory can be distinguished by unique behavioral and functional brain representations,G. Samrani; J. Persson,NeuroImage
32WaQpbqoK55-5u5RbCJyHhxs,32WaQpbqoK55,5u5RbCJyHhxs,n-back,2-back working memory task,tbl3,Distinct structural alterations independently contributing to working memory deficits and symptomatology in paranoid schizophrenia,"Zierhut KC, Schulte-Kemna A, Kaufmann J, Steiner J, Bogerts B, Schiltz K",Cortex; a journal devoted to the study of the nervous system and behavior
36oZsavVm8Qh-46idgZPmqUFC,36oZsavVm8Qh,46idgZPmqUFC,n-back,Approach-Avoidance Task | One-Back Recognition Task,25885,Task-invariant brain responses to the social value of faces.,"Todorov A, Said CP, Oosterhof NN, Engell AD",Journal of cognitive neuroscience
36oZsavVm8Qh-79zDd8ggw5rJ,36oZsavVm8Qh,79zDd8ggw5rJ,n-back,Approach-Avoidance Task | One-Back Recognition Task,25887,Task-invariant brain responses to the social value of faces.,"Todorov A, Said CP, Oosterhof NN, Engell AD",Journal of cognitive neuroscience
36oZsavVm8Qh-7vXY59rDChwm,36oZsavVm8Qh,7vXY59rDChwm,n-back,Approach-Avoidance Task | One-Back Recognition Task,25886,Task-invariant brain responses to the social value of faces.,"Todorov A, Said CP, Oosterhof NN, Engell AD",Journal of cognitive neuroscience
377zjDUXffXa-sw9y3pY3Saf6,377zjDUXffXa,sw9y3pY3Saf6,n-back,N-Back Working Memory Task,tbl0003,Deficits in executive function and suppression of default mode network in obesity,S. Syan; M. Owens; Ben Goodman; L. Epstein; D. Meyre; L. Sweet; J. Mackillop,NeuroImage: Clinical
39uJRfCjRmSM-4SwkLvmB6hRh,39uJRfCjRmSM,4SwkLvmB6hRh,n-back,n-back task,tbl3,The interaction of working memory and emotion in persons clinically at risk for psychosis: An fMRI pilot study,"Pauly K, Seiferth NY, Kellermann T, Ruhrmann S, Daumann B, Backes V, Klosterkotter J, Shah NJ, Schneider F, Kircher TT, Habel U",Schizophrenia research
39uJRfCjRmSM-5M3HAtZ83fTg,39uJRfCjRmSM,5M3HAtZ83fTg,n-back,n-back task,tbl2,The interaction of working memory and emotion in persons clinically at risk for psychosis: An fMRI pilot study,"Pauly K, Seiferth NY, Kellermann T, Ruhrmann S, Daumann B, Backes V, Klosterkotter J, Shah NJ, Schneider F, Kircher TT, Habel U",Schizophrenia research
39uJRfCjRmSM-69R9PewHVsfJ,39uJRfCjRmSM,69R9PewHVsfJ,n-back,n-back task,tbl4,The interaction of working memory and emotion in persons clinically at risk for psychosis: An fMRI pilot study,"Pauly K, Seiferth NY, Kellermann T, Ruhrmann S, Daumann B, Backes V, Klosterkotter J, Shah NJ, Schneider F, Kircher TT, Habel U",Schizophrenia research
3DrQiLvCRjy5-5CNE74NgFoAj,3DrQiLvCRjy5,5CNE74NgFoAj,n-back,n-back working memory task,T5,Reduced prefrontal activation during working and long-term memory tasks and impaired patient-reported cognition among cancer survivors post-chemotherapy compared with healthy controls,"Wang, Lei;Apple, Alexandra C;Schroeder, Matthew P;Ryals, Anthony J;Voss, Joel L;Gitelman, Darren;Sweet, Jerry J;Butt, Zeeshan A;Cella, David;Wagner, Lynne I",Cancer
3EFc6sfBs3UZ-6xZ43s4FDzuf,3EFc6sfBs3UZ,6xZ43s4FDzuf,n-back,n-back task,t0025,Increased superior frontal gyrus activation during working memory processing in psychosis: Significant relation to cumulative antipsychotic medication and to negative symptoms,"Vogel T, Smieskova R, Schmidt A, Walter A, Harrisberger F, Eckert A, Lang UE, Riecher-Rossler A, Graf M, Borgwardt S",Schizophrenia research
3FD97HdND5PN-52ErMPFwGjzg,3FD97HdND5PN,52ErMPFwGjzg,n-back,Random 2-back Task,Event-related-2,Age-related differences in brain activation during working memory updating: An fMRI study,Shuo Qin; C. Basak,Neuropsychologia
3FD97HdND5PN-65qwuzuyT3b6,3FD97HdND5PN,65qwuzuyT3b6,n-back,Random 2-back Task,Block-2,Age-related differences in brain activation during working memory updating: An fMRI study,Shuo Qin; C. Basak,Neuropsychologia
3FD97HdND5PN-6rQHwgBirpNX,3FD97HdND5PN,6rQHwgBirpNX,n-back,Random 2-back Task,Block,Age-related differences in brain activation during working memory updating: An fMRI study,Shuo Qin; C. Basak,Neuropsychologia
3FD97HdND5PN-9z7SopjFQmdF,3FD97HdND5PN,9z7SopjFQmdF,n-back,Random 2-back Task,Event-related,Age-related differences in brain activation during working memory updating: An fMRI study,Shuo Qin; C. Basak,Neuropsychologia
3LcQMNJnzR8f-322U2jdBxjhN,3LcQMNJnzR8f,322U2jdBxjhN,n-back,One-back Working Memory Task,t0020,Abnormal neural activity in partially remitted late-onset depression: An fMRI study of one-back working memory task,"Lee TW, Liu HL, Wai YY, Ko HJ, Lee SH",Psychiatry research
3LcQMNJnzR8f-3kT8CBBRuKXE,3LcQMNJnzR8f,3kT8CBBRuKXE,n-back,One-back Working Memory Task,t0015,Abnormal neural activity in partially remitted late-onset depression: An fMRI study of one-back working memory task,"Lee TW, Liu HL, Wai YY, Ko HJ, Lee SH",Psychiatry research
3LcQMNJnzR8f-5w4JqenPXQL6,3LcQMNJnzR8f,5w4JqenPXQL6,n-back,One-back Working Memory Task,t0010,Abnormal neural activity in partially remitted late-onset depression: An fMRI study of one-back working memory task,"Lee TW, Liu HL, Wai YY, Ko HJ, Lee SH",Psychiatry research
3MQh2ExLwQet-6zXhhjs2HwgX,3MQh2ExLwQet,6zXhhjs2HwgX,n-back,N-back Task,T4,Neural Correlates of Impulsive Aggressive Behavior in Subjects With a History of Alcohol Dependence,"Kose, Samet;Steinberg, Joel L;Moeller, F Gerard;Gowin, Joshua L;Zuniga, Edward;Kamdar, Zahra N;Schmitz, Joy M;Lane, Scott D",Behavioral neuroscience
3MkDC7X55fuk-FKSDqXsJDeeB,3MkDC7X55fuk,FKSDqXsJDeeB,n-back,N-back Task,14494,Intact working memory in non-manifesting LRRK2 carriers--an fMRI study.,"Thaler, Avner;Helmich, Rick C;Or-Borichev, Ayelet;van Nuenen, Bart F L;Shapira-Lichter, Irit;Gurevich, Tanya;Orr-Urtreger, Avi;Marder, Karen;Bressman, Susan;Bloem, Bastiaan R;Giladi, Nir;Hendler, Talma;Mirelman, Anat",The European journal of neuroscience
3MkDC7X55fuk-XMjfyiwQH2tA,3MkDC7X55fuk,XMjfyiwQH2tA,n-back,N-back Task,14495,Intact working memory in non-manifesting LRRK2 carriers--an fMRI study.,"Thaler, Avner;Helmich, Rick C;Or-Borichev, Ayelet;van Nuenen, Bart F L;Shapira-Lichter, Irit;Gurevich, Tanya;Orr-Urtreger, Avi;Marder, Karen;Bressman, Susan;Bloem, Bastiaan R;Giladi, Nir;Hendler, Talma;Mirelman, Anat",The European journal of neuroscience
3NXiGNKVf8iD-KSNCw7pBqvus,3NXiGNKVf8iD,KSNCw7pBqvus,n-back,Visual 1-back Task,(c) Regions showing functional connectivity with left VWFA in Word condition only,Functional specificity of the visual word form area: General activation for words and symbols but specific network activation for words,K. Reinke; Myra A. Fernandes; G. Schwindt; K. O'Craven; C. Grady,Brain and Language
3NXiGNKVf8iD-ephx8STxrqJj,3NXiGNKVf8iD,ephx8STxrqJj,n-back,Visual 1-back Task,(a) Regions with more activation for 1-back tasks compared to Rest,Functional specificity of the visual word form area: General activation for words and symbols but specific network activation for words,K. Reinke; Myra A. Fernandes; G. Schwindt; K. O'Craven; C. Grady,Brain and Language
3NXiGNKVf8iD-whivT3WQ85bJ,3NXiGNKVf8iD,whivT3WQ85bJ,n-back,Visual 1-back Task,"(b) Regions with more activity during Word and Symbol conditions compared to Control, Digit, and Hebrew",Functional specificity of the visual word form area: General activation for words and symbols but specific network activation for words,K. Reinke; Myra A. Fernandes; G. Schwindt; K. O'Craven; C. Grady,Brain and Language
3SC3RuuEte35-5H9bvraaYfLx,3SC3RuuEte35,5H9bvraaYfLx,n-back,Visuospatial Working Memory N-Back Task,32534,"Abnormal brain activation during working memory in children with prenatal exposure to drugs of abuse: the effects of methamphetamine, alcohol, and polydrug exposure.","Roussotte FF, Bramen JE, Nunez SC, Quandt LC, Smith L, O'Connor MJ, Bookheimer SY, Sowell ER",NeuroImage
3SNmiEjK7eCH-4dh9K8kMfmUo,3SNmiEjK7eCH,4dh9K8kMfmUo,n-back,1-back Task,Table 2,Decoding the neural representation of fine-grained conceptual categories.,"Ghio M, Vaghi MMS, Perani D, Tettamanti M",NeuroImage
3TkZgizbJwyN-5pcSQyJ8MDee,3TkZgizbJwyN,5pcSQyJ8MDee,n-back,n-back Task | Sternberg Task,t0015,Neural correlates of training and transfer effects in working memory in older adults,"Heinzel S, Lorenz RC, Pelz P, Heinz A, Walter H, Kathmann N, Rapp MA, Stelzel C",NeuroImage
3UmJEzzZhFRa-6Tb8RSqGSeL7,3UmJEzzZhFRa,6Tb8RSqGSeL7,n-back,N-back working memory task,21967,Effects of risk for bipolar disorder on brain function: A twin and family study.,"Sugihara G, Kane F, Picchioni MM, Chaddock CA, Kravariti E, Kalidindi S, Rijsdijk F, Toulopoulou T, Curtis VA, McDonald C, Murray RM, McGuire P",European neuropsychopharmacology : the journal of the European College of Neuropsychopharmacology
3VqMfNWbcHju-7LHETLamEoTu,3VqMfNWbcHju,7LHETLamEoTu,n-back,1-back task,25972,"Deconstructing events: the neural bases for space, time, and causality.","Kranjec A, Cardillo ER, Schmidt GL, Lehet M, Chatterjee A",Journal of cognitive neuroscience
3WXKbHuNhAG2-63mcEuyMSBLf,3WXKbHuNhAG2,63mcEuyMSBLf,n-back,One-back visual memory task,33139,Neuronal correlates of reduced memory performance in overweight subjects.,"Stingl KT, Kullmann S, Ketterer C, Heni M, Haring HU, Fritsche A, Preissl H",NeuroImage
3WXKbHuNhAG2-6DhQ7FY3Qjxy,3WXKbHuNhAG2,6DhQ7FY3Qjxy,n-back,One-back visual memory task,33141,Neuronal correlates of reduced memory performance in overweight subjects.,"Stingl KT, Kullmann S, Ketterer C, Heni M, Haring HU, Fritsche A, Preissl H",NeuroImage
3WXKbHuNhAG2-7WA9R4FnRUcY,3WXKbHuNhAG2,7WA9R4FnRUcY,n-back,One-back visual memory task,33140,Neuronal correlates of reduced memory performance in overweight subjects.,"Stingl KT, Kullmann S, Ketterer C, Heni M, Haring HU, Fritsche A, Preissl H",NeuroImage
3X5ACVdqPjwE-PH6QjCjMkEHT,3X5ACVdqPjwE,PH6QjCjMkEHT,n-back,Lexical Decision Task | One-back Task,Positive correlation,Left fusiform BOLD responses are inversely related to word-likeness in a one-back task,Xiaojuan Wang; Jianfeng Yang; H. Shu; J. Zevin,NeuroImage
3X5ACVdqPjwE-qoYNpcUPbuHv,3X5ACVdqPjwE,qoYNpcUPbuHv,n-back,Lexical Decision Task | One-back Task,Negative correlation,Left fusiform BOLD responses are inversely related to word-likeness in a one-back task,Xiaojuan Wang; Jianfeng Yang; H. Shu; J. Zevin,NeuroImage
3X5ACVdqPjwE-yDGmhUXCidKt,3X5ACVdqPjwE,yDGmhUXCidKt,n-back,Lexical Decision Task | One-back Task,"Brain regions observed in the task>rest contrast, and percentage overlap in conjunction analysis for each.",Left fusiform BOLD responses are inversely related to word-likeness in a one-back task,Xiaojuan Wang; Jianfeng Yang; H. Shu; J. Zevin,NeuroImage
3XitLbV8LTNV-7Q4H2dYGkQYx,3XitLbV8LTNV,7Q4H2dYGkQYx,n-back,2-back working memory task,Table 1,Neural mechanisms underlying the integration of emotion and working memory.,"Grimm S, Weigand A, Kazzer P, Jacobs AM, Bajbouj M",NeuroImage
3aTuQA3XA48H-BBxp2XewwaPd,3aTuQA3XA48H,BBxp2XewwaPd,n-back,1-back matching paradigm with letters,5. Cuneus (ROI 5),Letter processing automatically recruits a sensory–motor brain network,K. James; I. Gauthier,Neuropsychologia
3aTuQA3XA48H-FGPfaWKS5eRL,3aTuQA3XA48H,FGPfaWKS5eRL,n-back,1-back matching paradigm with letters,2. Inferior frontal gyrus (ROI 2),Letter processing automatically recruits a sensory–motor brain network,K. James; I. Gauthier,Neuropsychologia
3aTuQA3XA48H-L5mXgoJJrsQE,3aTuQA3XA48H,L5mXgoJJrsQE,n-back,1-back matching paradigm with letters,3. Dorsal precentral (ROI 3),Letter processing automatically recruits a sensory–motor brain network,K. James; I. Gauthier,Neuropsychologia
3aTuQA3XA48H-ZmAqePNqJwVL,3aTuQA3XA48H,ZmAqePNqJwVL,n-back,1-back matching paradigm with letters,1. Fusiform letter area (ROI 1),Letter processing automatically recruits a sensory–motor brain network,K. James; I. Gauthier,Neuropsychologia
3bchZA7KLzLn-5nDDTZLXHhrJ,3bchZA7KLzLn,5nDDTZLXHhrJ,n-back,3-back Task,t0010,Context-dependent switching between proactive and reactive working memory control mechanisms in the right inferior frontal gyrus,"Marklund P, Persson J",NeuroImage
3bchZA7KLzLn-MzKw2Gtz7DNT,3bchZA7KLzLn,MzKw2Gtz7DNT,n-back,3-back Task,t0005,Context-dependent switching between proactive and reactive working memory control mechanisms in the right inferior frontal gyrus,"Marklund P, Persson J",NeuroImage
3bzpknNkpDLe-7Y4PyyY2mCMc,3bzpknNkpDLe,7Y4PyyY2mCMc,n-back,n-back working memory task | recollection memory task,t0015,Neural correlates of cognitive remediation in patients with mood disorders,"Meusel LA, Hall GB, Fougere P, McKinnon MC, MacQueen GM",Psychiatry research
3bzpknNkpDLe-83kKKn6N4BCA,3bzpknNkpDLe,83kKKn6N4BCA,n-back,n-back working memory task | recollection memory task,t0020,Neural correlates of cognitive remediation in patients with mood disorders,"Meusel LA, Hall GB, Fougere P, McKinnon MC, MacQueen GM",Psychiatry research
3dCQDTRTgWVF-F89FxqJ45NNu,3dCQDTRTgWVF,F89FxqJ45NNu,n-back,3-back working memory task,tbl0010,Volumetric variation in subregions of the cerebellum correlates with working memory performance,"Ding H, Qin W, Jiang T, Zhang Y, Yu C",Neuroscience letters
3dTRKcatJnmV-5bjPqhakKUUF,3dTRKcatJnmV,5bjPqhakKUUF,n-back,2-back working memory task,t0025,Levels of processing and language modality specificity in working memory,"Mary Rudner, Thomas Karlsson, Johan Gunnarsson, Jerker Rönnberg",Neuropsychologia
3dTRKcatJnmV-7MxSF7EnsZqh,3dTRKcatJnmV,7MxSF7EnsZqh,n-back,2-back working memory task,t0015,Levels of processing and language modality specificity in working memory,"Mary Rudner, Thomas Karlsson, Johan Gunnarsson, Jerker Rönnberg",Neuropsychologia
3dTRKcatJnmV-7rYhacfLmVHt,3dTRKcatJnmV,7rYhacfLmVHt,n-back,2-back working memory task,t0020,Levels of processing and language modality specificity in working memory,"Mary Rudner, Thomas Karlsson, Johan Gunnarsson, Jerker Rönnberg",Neuropsychologia
3m9Yjt6enmjX-78cNfWM9RV4n,3m9Yjt6enmjX,78cNfWM9RV4n,n-back,n-back task,4,"Stimuli, presentation modality, and load‐specific brain activity patterns during n‐back task",L. Mencarelli; F. Neri; D. Momi; A. Menardi; S. Rossi; A. Rossi; E. Santarnecchi,Human Brain Mapping
3m9Yjt6enmjX-MvoHtwcm6SE3,3m9Yjt6enmjX,MvoHtwcm6SE3,n-back,n-back task,Deactivation,"Stimuli, presentation modality, and load‐specific brain activity patterns during n‐back task",L. Mencarelli; F. Neri; D. Momi; A. Menardi; S. Rossi; A. Rossi; E. Santarnecchi,Human Brain Mapping
3m9Yjt6enmjX-PPkqhvWZnY4i,3m9Yjt6enmjX,PPkqhvWZnY4i,n-back,n-back task,2,"Stimuli, presentation modality, and load‐specific brain activity patterns during n‐back task",L. Mencarelli; F. Neri; D. Momi; A. Menardi; S. Rossi; A. Rossi; E. Santarnecchi,Human Brain Mapping
3m9Yjt6enmjX-QhPBuuX8c9f3,3m9Yjt6enmjX,QhPBuuX8c9f3,n-back,n-back task,Extrema value coordinates,"Stimuli, presentation modality, and load‐specific brain activity patterns during n‐back task",L. Mencarelli; F. Neri; D. Momi; A. Menardi; S. Rossi; A. Rossi; E. Santarnecchi,Human Brain Mapping
3m9Yjt6enmjX-ojoTGsBrfWNk,3m9Yjt6enmjX,ojoTGsBrfWNk,n-back,n-back task,Weighted center,"Stimuli, presentation modality, and load‐specific brain activity patterns during n‐back task",L. Mencarelli; F. Neri; D. Momi; A. Menardi; S. Rossi; A. Rossi; E. Santarnecchi,Human Brain Mapping
3m9Yjt6enmjX-ot3uAt7a8eAH,3m9Yjt6enmjX,ot3uAt7a8eAH,n-back,n-back task,Activation,"Stimuli, presentation modality, and load‐specific brain activity patterns during n‐back task",L. Mencarelli; F. Neri; D. Momi; A. Menardi; S. Rossi; A. Rossi; E. Santarnecchi,Human Brain Mapping
3m9Yjt6enmjX-wxsG43PoWKm4,3m9Yjt6enmjX,wxsG43PoWKm4,n-back,n-back task,6,"Stimuli, presentation modality, and load‐specific brain activity patterns during n‐back task",L. Mencarelli; F. Neri; D. Momi; A. Menardi; S. Rossi; A. Rossi; E. Santarnecchi,Human Brain Mapping
3oV62pVqdWih-6jYHY6DqRT9n,3oV62pVqdWih,6jYHY6DqRT9n,n-back,Verbal n-back task,tbl2,APOE moderates compensatory recruitment of neuronal resources during working memory processing in healthy older adults,"Scheller E, Peter J, Schumacher LV, Lahr J, Mader I, Kaller CP, Kloppel S",Neurobiology of aging
3rQvn2sjzq6T-3NPWWvCgymFp,3rQvn2sjzq6T,3NPWWvCgymFp,n-back,Working Memory n-back Task,Remaining Neuronal Activation in the Alcohol Group-4,The Effects of Alcohol Intoxication on Neuronal Activation at Different Levels of Cognitive Load,Hilde Gundersen; R. Grüner; K. Specht; K. Hugdahl,The Open Neuroimaging Journal
3rQvn2sjzq6T-eQjFN8bhstTN,3rQvn2sjzq6T,eQjFN8bhstTN,n-back,Working Memory n-back Task,Remaining Neuronal Activation in the Alcohol Group-5,The Effects of Alcohol Intoxication on Neuronal Activation at Different Levels of Cognitive Load,Hilde Gundersen; R. Grüner; K. Specht; K. Hugdahl,The Open Neuroimaging Journal
3rQvn2sjzq6T-iS6MMRKDGvw2,3rQvn2sjzq6T,iS6MMRKDGvw2,n-back,Working Memory n-back Task,Remaining Neuronal Activation in the Alcohol Group-2,The Effects of Alcohol Intoxication on Neuronal Activation at Different Levels of Cognitive Load,Hilde Gundersen; R. Grüner; K. Specht; K. Hugdahl,The Open Neuroimaging Journal
3rQvn2sjzq6T-qzYaxY7YT2Df,3rQvn2sjzq6T,qzYaxY7YT2Df,n-back,Working Memory n-back Task,Remaining Neuronal Activation in the Control Group,The Effects of Alcohol Intoxication on Neuronal Activation at Different Levels of Cognitive Load,Hilde Gundersen; R. Grüner; K. Specht; K. Hugdahl,The Open Neuroimaging Journal
3vG7u3aYgH6A-6pZXTzpvfwTQ,3vG7u3aYgH6A,6pZXTzpvfwTQ,n-back,n-back working memory task,27302,Allelic variation in RGS4 impacts functional and structural connectivity in the human brain.,"Buckholtz JW, Meyer-Lindenberg A, Honea RA, Straub RE, Pezawas L, Egan MF, Vakkalanka R, Kolachana B, Verchinski BA, Sust S, Mattay VS, Weinberger DR, Callicott JH",The Journal of neuroscience : the official journal of the Society for Neuroscience
3vG7u3aYgH6A-6qrCrLaJXqJg,3vG7u3aYgH6A,6qrCrLaJXqJg,n-back,n-back working memory task,27306,Allelic variation in RGS4 impacts functional and structural connectivity in the human brain.,"Buckholtz JW, Meyer-Lindenberg A, Honea RA, Straub RE, Pezawas L, Egan MF, Vakkalanka R, Kolachana B, Verchinski BA, Sust S, Mattay VS, Weinberger DR, Callicott JH",The Journal of neuroscience : the official journal of the Society for Neuroscience
3vG7u3aYgH6A-7Zv9uzMrz6yZ,3vG7u3aYgH6A,7Zv9uzMrz6yZ,n-back,n-back working memory task,27304,Allelic variation in RGS4 impacts functional and structural connectivity in the human brain.,"Buckholtz JW, Meyer-Lindenberg A, Honea RA, Straub RE, Pezawas L, Egan MF, Vakkalanka R, Kolachana B, Verchinski BA, Sust S, Mattay VS, Weinberger DR, Callicott JH",The Journal of neuroscience : the official journal of the Society for Neuroscience
3vG7u3aYgH6A-HfyK667WSdaC,3vG7u3aYgH6A,HfyK667WSdaC,n-back,n-back working memory task,27305,Allelic variation in RGS4 impacts functional and structural connectivity in the human brain.,"Buckholtz JW, Meyer-Lindenberg A, Honea RA, Straub RE, Pezawas L, Egan MF, Vakkalanka R, Kolachana B, Verchinski BA, Sust S, Mattay VS, Weinberger DR, Callicott JH",The Journal of neuroscience : the official journal of the Society for Neuroscience
3vG7u3aYgH6A-MJTutwdSjJUe,3vG7u3aYgH6A,MJTutwdSjJUe,n-back,n-back working memory task,27303,Allelic variation in RGS4 impacts functional and structural connectivity in the human brain.,"Buckholtz JW, Meyer-Lindenberg A, Honea RA, Straub RE, Pezawas L, Egan MF, Vakkalanka R, Kolachana B, Verchinski BA, Sust S, Mattay VS, Weinberger DR, Callicott JH",The Journal of neuroscience : the official journal of the Society for Neuroscience
3y3AqGYX3Amz-qPzXu4HojzNc,3y3AqGYX3Amz,qPzXu4HojzNc,n-back,2-Back Working Memory Task,T2,Current Serum Lipoprotein Levels and fMRI Response to Working Memory in Midlife,"Gonzales, Mitzi M;Tarumi, Takashi;Eagan, Danielle E;Tanaka, Hirofumi;Biney, Fedora O;Haley, Andreana P",Dementia and geriatric cognitive disorders
42YePTSFRkw2-7wGv9SuugRJt,42YePTSFRkw2,7wGv9SuugRJt,n-back,n-back task,t0020,Spatial working memory dysfunction in minimal hepatic encephalopathy: An ethology and BOLD-fMRI study,"Liao LM, Zhou LX, Le HB, Yin JJ, Ma SH",Brain research
42wKeektQyKZ-4zzRP9YYhzLC,42wKeektQyKZ,4zzRP9YYhzLC,n-back,n-back working memory task,15632,Reduced brain functional reserve and altered functional connectivity in patients  with multiple sclerosis.,"Cader S, Cifelli A, Abu-Omar Y, Palace J, Matthews PM",Brain : a journal of neurology
45D2T4Vu9ubi-6ADZApmFopZE,45D2T4Vu9ubi,6ADZApmFopZE,n-back,n-back Task,40067,Attentional Modulation of Brain Responses to Primary Appetitive and Aversive Stimuli.,"Field BA, Buck CL, McClure SM, Nystrom LE, Kahneman D, Cohen JD",PloS one
47gpkovcN4Vh-5QaSMkRjyvLX,47gpkovcN4Vh,5QaSMkRjyvLX,n-back,Parametric n-back task,tbl0015,Aberrant anterior cingulate activation in obsessive–compulsive disorder is related to task complexity,"Koch K, Wagner G, Schachtzabel C, Peikert G, Schultz CC, Sauer H, Schlosser RG",Neuropsychologia
47gpkovcN4Vh-6TSYPcFAYG34,47gpkovcN4Vh,6TSYPcFAYG34,n-back,Parametric n-back task,tbl0010,Aberrant anterior cingulate activation in obsessive–compulsive disorder is related to task complexity,"Koch K, Wagner G, Schachtzabel C, Peikert G, Schultz CC, Sauer H, Schlosser RG",Neuropsychologia
47gpkovcN4Vh-KBAUq7Ao4Xzr,47gpkovcN4Vh,KBAUq7Ao4Xzr,n-back,Parametric n-back task,tbl0020,Aberrant anterior cingulate activation in obsessive–compulsive disorder is related to task complexity,"Koch K, Wagner G, Schachtzabel C, Peikert G, Schultz CC, Sauer H, Schlosser RG",Neuropsychologia
47i8vXMnH5K4-yWWBESVUFHFt,47i8vXMnH5K4,yWWBESVUFHFt,n-back,Auditory n-back task,tbl2,Functional Correlates of Verbal Memory Deficits Emerging During Nicotine Withdrawal in Abstinent Adolescent Cannabis Users,L. Jacobsen; K. Pugh; K. Pugh; R. Todd Constable; M. Westerveld; W. Mencl,Biological Psychiatry
49p4e5tpaATo-57gBaJyi4G2B,49p4e5tpaATo,57gBaJyi4G2B,n-back,Numeric n-back working memory task,27861,Reduced prefrontal-parietal effective connectivity and working memory deficits in schizophrenia.,"Deserno L, Sterzer P, Wustenberg T, Heinz A, Schlagenhauf F",The Journal of neuroscience : the official journal of the Society for Neuroscience
49s8jND34KSW-58UuBJnDjVYg,49s8jND34KSW,58UuBJnDjVYg,n-back,One-back repetition task,observation of biological motion displays > scrambled displays,Biological motion processing: The left cerebellum communicates with the right superior temporal sulcus,"Sokolov, A, Erb, M, Gharabaghi, A, Grodd, W, Tatagiba, M, Pavlova, M",NeuroImage
49s8jND34KSW-6RkC48BXh5ws,49s8jND34KSW,6RkC48BXh5ws,n-back,One-back repetition task,Observation of biological motion displays > observation of scrambled displays,Biological motion processing: The left cerebellum communicates with the right superior temporal sulcus,"Sokolov, A, Erb, M, Gharabaghi, A, Grodd, W, Tatagiba, M, Pavlova, M",NeuroImage
4E6T2db8Ht2V-4SccTNs4MTaN,4E6T2db8Ht2V,4SccTNs4MTaN,n-back,N-back Task,23938,No gender differences in brain activation during the N-back task: an fMRI study in healthy individuals.,"Schmidt H, Jogia J, Fast K, Christodoulou T, Haldane M, Kumari V, Frangou S",Human brain mapping
4EioVUMNqepj-6QC7RYHven9Q,4EioVUMNqepj,6QC7RYHven9Q,n-back,n-back task,t0005,Detection of the acute effects of hydrocortisone in the hippocampus using pharmacological fMRI,"Symonds CS, McKie S, Elliott R, William Deakin JF, Anderson IM",European neuropsychopharmacology : the journal of the European College of Neuropsychopharmacology
4KNUqPQZL7Qm-796CwMCXsJrg,4KNUqPQZL7Qm,796CwMCXsJrg,n-back,Fractal n-back task | Emotion identification task,T2,Functional Neuroimaging Abnormalities in Psychosis Spectrum Youth,"Wolf, Daniel H;Satterthwaite, Theodore D;Calkins, Monica E;Ruparel, Kosha;Elliott, Mark A;Hopson, Ryan D;Jackson, Chad T;Prabhakaran, Karthik;Bilker, Warren B;Hakonarson, Hakon;Gur, Ruben C;Gur, Raquel E",JAMA psychiatry
4KfjNtwFHuTq-3e55FjZLyXso,4KfjNtwFHuTq,3e55FjZLyXso,n-back,n-back working memory task,tbl4,Separating the effects of alcohol and expectancy on brain activation: An fMRI working memory study,"Gundersen H, Specht K, Gruner R, Ersland L, Hugdahl K",NeuroImage
4KfjNtwFHuTq-5p4x3g5h7ADq,4KfjNtwFHuTq,5p4x3g5h7ADq,n-back,n-back working memory task,tbl2,Separating the effects of alcohol and expectancy on brain activation: An fMRI working memory study,"Gundersen H, Specht K, Gruner R, Ersland L, Hugdahl K",NeuroImage
4KfjNtwFHuTq-5yYiRqGcLvh4,4KfjNtwFHuTq,5yYiRqGcLvh4,n-back,n-back working memory task,tbl5,Separating the effects of alcohol and expectancy on brain activation: An fMRI working memory study,"Gundersen H, Specht K, Gruner R, Ersland L, Hugdahl K",NeuroImage
4KfjNtwFHuTq-6VCL87HbF3eg,4KfjNtwFHuTq,6VCL87HbF3eg,n-back,n-back working memory task,tbl1,Separating the effects of alcohol and expectancy on brain activation: An fMRI working memory study,"Gundersen H, Specht K, Gruner R, Ersland L, Hugdahl K",NeuroImage
4KfjNtwFHuTq-76qkufTr9zfs,4KfjNtwFHuTq,76qkufTr9zfs,n-back,n-back working memory task,tbl3,Separating the effects of alcohol and expectancy on brain activation: An fMRI working memory study,"Gundersen H, Specht K, Gruner R, Ersland L, Hugdahl K",NeuroImage
4KfjNtwFHuTq-7XvBJ6nuqGNX,4KfjNtwFHuTq,7XvBJ6nuqGNX,n-back,n-back working memory task,tbl6,Separating the effects of alcohol and expectancy on brain activation: An fMRI working memory study,"Gundersen H, Specht K, Gruner R, Ersland L, Hugdahl K",NeuroImage
4MdxrkEPwa8S-733BrWPmew4v,4MdxrkEPwa8S,733BrWPmew4v,n-back,n-back task,tbl2,A functional variant of the tryptophan hydroxylase 2 gene impacts working memory: A genetic imaging study,"Reuter M, Esslinger C, Montag C, Lis S, Gallhofer B, Kirsch P",Biological psychology
4MdxrkEPwa8S-7ugRCnQKd99y,4MdxrkEPwa8S,7ugRCnQKd99y,n-back,n-back task,tbl1,A functional variant of the tryptophan hydroxylase 2 gene impacts working memory: A genetic imaging study,"Reuter M, Esslinger C, Montag C, Lis S, Gallhofer B, Kirsch P",Biological psychology
4N3evwBVmpSG-7LsGgAyACZdx,4N3evwBVmpSG,7LsGgAyACZdx,n-back,2/0-back working memory task,43094,Effects of childhood trauma on working memory in affective and non-affective psychotic disorders.,"Quide Y, O'Reilly N, Rowland JE, Carr VJ, Elzinga BM, Green MJ",Brain imaging and behavior
4Q2BY7h4LMVx-5pBkvXwndvuE,4Q2BY7h4LMVx,5pBkvXwndvuE,n-back,Emotional n-back task,Table 1,Effects of ketamine on cognition-emotion interaction in the brain.,"Scheidegger M, Henning A, Walter M, Boeker H, Weigand A, Seifritz E, Grimm S",NeuroImage
4RFTm3r7vVAi-5mGRugYLP8gu,4RFTm3r7vVAi,5mGRugYLP8gu,n-back,n-back working memory task,t0015,Working memory for social information: Chunking or domain-specific buffer?,"Thornton MA, Conway AR",NeuroImage
4RFTm3r7vVAi-7PA4msehz7Xy,4RFTm3r7vVAi,7PA4msehz7Xy,n-back,n-back working memory task,t0020,Working memory for social information: Chunking or domain-specific buffer?,"Thornton MA, Conway AR",NeuroImage
4RFTm3r7vVAi-tT73oHAPrkck,4RFTm3r7vVAi,tT73oHAPrkck,n-back,n-back working memory task,t0010,Working memory for social information: Chunking or domain-specific buffer?,"Thornton MA, Conway AR",NeuroImage
4RgNSf7bfeEM-39329EVfPhwp,4RgNSf7bfeEM,39329EVfPhwp,n-back,n-back tasks,t0005,Predicting moment-to-moment attentional state,"Rosenberg MD, Finn ES, Constable RT, Chun MM",NeuroImage
4RgNSf7bfeEM-4QivrFdrKY8n,4RgNSf7bfeEM,4QivrFdrKY8n,n-back,n-back tasks,t0010,Predicting moment-to-moment attentional state,"Rosenberg MD, Finn ES, Constable RT, Chun MM",NeuroImage
4SKQqSxsvMXu-6AawoWeREwyW,4SKQqSxsvMXu,6AawoWeREwyW,n-back,n-back working memory task,tbl2,Neural dysfunction and violence in schizophrenia: An fMRI investigation,"Kumari V, Aasen I, Taylor P, Ffytche DH, Das M, Barkataki I, Goswami S, O'Connell P, Howlett M, Williams SC, Sharma T",Schizophrenia research
4SLJyXCqYdix-57HDaLpLbCCM,4SLJyXCqYdix,57HDaLpLbCCM,n-back,One-back repetition detection task,tbl3,Plastic reorganization of neural systems for perception of others in the congenitally blind,"Fairhall SL, Porter KB, Bellucci C, Mazzetti M, Cipolli C, Gobbini MI",NeuroImage
4SLJyXCqYdix-6WDJMEGqZqEZ,4SLJyXCqYdix,6WDJMEGqZqEZ,n-back,One-back repetition detection task,tbl4,Plastic reorganization of neural systems for perception of others in the congenitally blind,"Fairhall SL, Porter KB, Bellucci C, Mazzetti M, Cipolli C, Gobbini MI",NeuroImage
4SLJyXCqYdix-6oW5DRfGY3Kx,4SLJyXCqYdix,6oW5DRfGY3Kx,n-back,One-back repetition detection task,tbl5,Plastic reorganization of neural systems for perception of others in the congenitally blind,"Fairhall SL, Porter KB, Bellucci C, Mazzetti M, Cipolli C, Gobbini MI",NeuroImage
4SLJyXCqYdix-7VBmHChhuB89,4SLJyXCqYdix,7VBmHChhuB89,n-back,One-back repetition detection task,tbl2,Plastic reorganization of neural systems for perception of others in the congenitally blind,"Fairhall SL, Porter KB, Bellucci C, Mazzetti M, Cipolli C, Gobbini MI",NeuroImage
4WZXjX3Vd77s-JimxJLhfNYkH,4WZXjX3Vd77s,JimxJLhfNYkH,n-back,Cognitive Flexibility Task | N-back Working Memory Task | Stop-Signal Inhibition Task,Current study nearest overlap peaks,Pediatric ADHD symptom burden relates to distinct neural activity across executive function domains,T. Nugiel; Mary Abbe Roe; Laura E. Engelhardt; Mackenzie E. Mitchell; Annie Zheng; J. Church,NeuroImage: Clinical
4WZXjX3Vd77s-j2SiKUMrvKGv,4WZXjX3Vd77s,j2SiKUMrvKGv,n-back,Cognitive Flexibility Task | N-back Working Memory Task | Stop-Signal Inhibition Task,Engelhardt 2019 ROI,Pediatric ADHD symptom burden relates to distinct neural activity across executive function domains,T. Nugiel; Mary Abbe Roe; Laura E. Engelhardt; Mackenzie E. Mitchell; Annie Zheng; J. Church,NeuroImage: Clinical
4XaQwUBvt3bN-ut5fDkDCBmx3,4XaQwUBvt3bN,ut5fDkDCBmx3,n-back,N-back Task,T4,Brain Activation while Thinking about the Self from Another Person’s Perspective after Traumatic Brain Injury in Adolescents,"Newsome, Mary R;Scheibel, Randall S;Hanten, Gerri;Chu, Z;Steinberg, Joel L;Hunter, Jill V;Lu, Hanzhang;Vasquez, Ana C;Li, Xiaoqi;Lin, Xiaodi;Cook, Lori;Levin, Harvey S",Neuropsychology
4Zka8vuiJiLZ-CVuEfhxU3qbo,4Zka8vuiJiLZ,CVuEfhxU3qbo,n-back,3-back Working Memory Task,Parietal/posterior cingulate regions,BOLD Correlates of Trial-by-Trial Reaction Time Variability in Gray and White Matter: A Multi-Study fMRI Analysis,T. Yarkoni; D. Barch; J. Gray; T. Conturo; T. Braver,PLoS ONE
4Zka8vuiJiLZ-FsQ6uMeceMrw,4Zka8vuiJiLZ,FsQ6uMeceMrw,n-back,3-back Working Memory Task,Visual/cerebellar regions,BOLD Correlates of Trial-by-Trial Reaction Time Variability in Gray and White Matter: A Multi-Study fMRI Analysis,T. Yarkoni; D. Barch; J. Gray; T. Conturo; T. Braver,PLoS ONE
4Zka8vuiJiLZ-WoavhBmhEh2z,4Zka8vuiJiLZ,WoavhBmhEh2z,n-back,3-back Working Memory Task,Frontal regions,BOLD Correlates of Trial-by-Trial Reaction Time Variability in Gray and White Matter: A Multi-Study fMRI Analysis,T. Yarkoni; D. Barch; J. Gray; T. Conturo; T. Braver,PLoS ONE
4Zka8vuiJiLZ-g3f6aQSB7PqD,4Zka8vuiJiLZ,g3f6aQSB7PqD,n-back,3-back Working Memory Task,Subcortical regions,BOLD Correlates of Trial-by-Trial Reaction Time Variability in Gray and White Matter: A Multi-Study fMRI Analysis,T. Yarkoni; D. Barch; J. Gray; T. Conturo; T. Braver,PLoS ONE
4Zka8vuiJiLZ-krRsUyKAmY6P,4Zka8vuiJiLZ,krRsUyKAmY6P,n-back,3-back Working Memory Task,Temporal/insular regions,BOLD Correlates of Trial-by-Trial Reaction Time Variability in Gray and White Matter: A Multi-Study fMRI Analysis,T. Yarkoni; D. Barch; J. Gray; T. Conturo; T. Braver,PLoS ONE
4Zka8vuiJiLZ-tyspVdMtwwcy,4Zka8vuiJiLZ,tyspVdMtwwcy,n-back,3-back Working Memory Task,White matter regions,BOLD Correlates of Trial-by-Trial Reaction Time Variability in Gray and White Matter: A Multi-Study fMRI Analysis,T. Yarkoni; D. Barch; J. Gray; T. Conturo; T. Braver,PLoS ONE
4cjnE4GXzBSV-62xFA7ZiwiiJ,4cjnE4GXzBSV,62xFA7ZiwiiJ,n-back,N-back working memory task,43149,Brain structure and function in patients with ovarian cancer treated with first-line chemotherapy: a pilot study.,"Correa DD, Root JC, Kryza-Lacombe M, Mehta M, Karimi S, Hensley ML, Relkin N",Brain imaging and behavior
4cjnE4GXzBSV-P4HW26wVbjhN,4cjnE4GXzBSV,P4HW26wVbjhN,n-back,N-back working memory task,43148,Brain structure and function in patients with ovarian cancer treated with first-line chemotherapy: a pilot study.,"Correa DD, Root JC, Kryza-Lacombe M, Mehta M, Karimi S, Hensley ML, Relkin N",Brain imaging and behavior
4doiUUKhNAwJ-5Da8tVV3No9p,4doiUUKhNAwJ,5Da8tVV3No9p,n-back,Vibrotactile One-Back Frequency Retention Task | Vibrotactile Amplitude-Change Task,Parietal,Working memory for vibrotactile frequencies: Comparison of cortical activity in blind and sighted individuals,H. Burton; R. Sinclair; S. Dixit,Human Brain Mapping
4doiUUKhNAwJ-CKet8Wqgw4AR,4doiUUKhNAwJ,CKet8Wqgw4AR,n-back,Vibrotactile One-Back Frequency Retention Task | Vibrotactile Amplitude-Change Task,Occipital,Working memory for vibrotactile frequencies: Comparison of cortical activity in blind and sighted individuals,H. Burton; R. Sinclair; S. Dixit,Human Brain Mapping
4doiUUKhNAwJ-XNqSNAMMWXFb,4doiUUKhNAwJ,XNqSNAMMWXFb,n-back,Vibrotactile One-Back Frequency Retention Task | Vibrotactile Amplitude-Change Task,Frontal,Working memory for vibrotactile frequencies: Comparison of cortical activity in blind and sighted individuals,H. Burton; R. Sinclair; S. Dixit,Human Brain Mapping
4g8B3U7mxkzz-4jojgN8Z7odi,4g8B3U7mxkzz,4jojgN8Z7odi,n-back,n-back working memory task,Brain regions with significant positive correlations between GMC and brain activity related to the 0-back–2-back task,Associations among imaging measures (2): The association between gray matter concentration and task‐induced activation changes,H. Takeuchi; Y. Taki; R. Nouchi; H. Hashizume; Y. Sassa; Atsushi Sekuguchi; Yuka Kotozaki; Seishu Nakagawa; T. Nagase; C. Miyauchi; R. Kawashima,Human Brain Mapping
4g8B3U7mxkzz-P8r6u9twAQik,4g8B3U7mxkzz,P8r6u9twAQik,n-back,n-back working memory task,Table II. Brain regions with significant negative correlations between GMC and brain activity during the 0-back task,Associations among imaging measures (2): The association between gray matter concentration and task‐induced activation changes,H. Takeuchi; Y. Taki; R. Nouchi; H. Hashizume; Y. Sassa; Atsushi Sekuguchi; Yuka Kotozaki; Seishu Nakagawa; T. Nagase; C. Miyauchi; R. Kawashima,Human Brain Mapping
4g8B3U7mxkzz-Qz6UxdqNLuWe,4g8B3U7mxkzz,Qz6UxdqNLuWe,n-back,n-back working memory task,Table V. Brain regions with significant positive correlations between GMC and brain activity related to the 2-back–0-back task,Associations among imaging measures (2): The association between gray matter concentration and task‐induced activation changes,H. Takeuchi; Y. Taki; R. Nouchi; H. Hashizume; Y. Sassa; Atsushi Sekuguchi; Yuka Kotozaki; Seishu Nakagawa; T. Nagase; C. Miyauchi; R. Kawashima,Human Brain Mapping
4g8B3U7mxkzz-TKDHmMLUeW25,4g8B3U7mxkzz,TKDHmMLUeW25,n-back,n-back working memory task,Table III. Brain regions with significant positive correlations between GMC and brain activity during the 2-back task,Associations among imaging measures (2): The association between gray matter concentration and task‐induced activation changes,H. Takeuchi; Y. Taki; R. Nouchi; H. Hashizume; Y. Sassa; Atsushi Sekuguchi; Yuka Kotozaki; Seishu Nakagawa; T. Nagase; C. Miyauchi; R. Kawashima,Human Brain Mapping
4g8B3U7mxkzz-X5vis37xRjLa,4g8B3U7mxkzz,X5vis37xRjLa,n-back,n-back working memory task,Table I. Brain regions with significant positive correlations between GMC and brain activity during the 0-back task,Associations among imaging measures (2): The association between gray matter concentration and task‐induced activation changes,H. Takeuchi; Y. Taki; R. Nouchi; H. Hashizume; Y. Sassa; Atsushi Sekuguchi; Yuka Kotozaki; Seishu Nakagawa; T. Nagase; C. Miyauchi; R. Kawashima,Human Brain Mapping
4g8B3U7mxkzz-bXBWQG2PRnyJ,4g8B3U7mxkzz,bXBWQG2PRnyJ,n-back,n-back working memory task,Table IV. Brain regions with significant negative correlations between GMC and brain activity during the 2-back task,Associations among imaging measures (2): The association between gray matter concentration and task‐induced activation changes,H. Takeuchi; Y. Taki; R. Nouchi; H. Hashizume; Y. Sassa; Atsushi Sekuguchi; Yuka Kotozaki; Seishu Nakagawa; T. Nagase; C. Miyauchi; R. Kawashima,Human Brain Mapping
4kgNX6AhEZzY-sxKYv29ZTTdv,4kgNX6AhEZzY,sxKYv29ZTTdv,n-back,2-Back working memory task,tbl0020,The long-term effects of prenatal nicotine exposure on verbal working memory: An fMRI study of young adults,"A Longo C, A Fried P, Cameron I, M Smith A",Drug and alcohol dependence
4oYzj3jG9uJn-49oL8HXCRnPJ,4oYzj3jG9uJn,49oL8HXCRnPJ,n-back,Visual One-Back Task,Control,Functional MRI evidence for the importance of visual short‐term memory in logographic reading,Maki S. Koyama; J. Stein; Catherine J. Stoodley; P. Hansen,European Journal of Neuroscience
4oYzj3jG9uJn-6ohyv27m3axc,4oYzj3jG9uJn,6ohyv27m3axc,n-back,Visual One-Back Task,Kanji,Functional MRI evidence for the importance of visual short‐term memory in logographic reading,Maki S. Koyama; J. Stein; Catherine J. Stoodley; P. Hansen,European Journal of Neuroscience
4oYzj3jG9uJn-v2ykCvvvWQUA,4oYzj3jG9uJn,v2ykCvvvWQUA,n-back,Visual One-Back Task,Kana,Functional MRI evidence for the importance of visual short‐term memory in logographic reading,Maki S. Koyama; J. Stein; Catherine J. Stoodley; P. Hansen,European Journal of Neuroscience
4wWPMUVNotSa-4xnkqTgoWeyp,4wWPMUVNotSa,4xnkqTgoWeyp,n-back,Auditory Target Detection | N-back Task,31506,Measuring fMRI reliability with the intra-class correlation coefficient.,"Caceres A, Hall DL, Zelaya FO, Williams SC, Mehta MA",NeuroImage
4wWPMUVNotSa-6cyqFBw9joyh,4wWPMUVNotSa,6cyqFBw9joyh,n-back,Auditory Target Detection | N-back Task,31505,Measuring fMRI reliability with the intra-class correlation coefficient.,"Caceres A, Hall DL, Zelaya FO, Williams SC, Mehta MA",NeuroImage
4xMWAdt8m2ae-FoNK9rBYXScm,4xMWAdt8m2ae,FoNK9rBYXScm,n-back,2-back verbal working memory task,t0005,Developmental trajectories of cerebral blood flow and oxidative metabolism at baseline and during working memory tasks,"Jog MA, Yan L, Kilroy E, Krasileva K, Jann K, LeClair H, Elashoff D, Wang DJJ",NeuroImage
53jr2bbEm4vX-3iSqenac9sWy,53jr2bbEm4vX,3iSqenac9sWy,n-back,Working Memory Task (n-back) | Face Matching Task (FMT),t0015,Cognitive state and connectivity effects of the genome-wide significant psychosis variant inZNF804A,"Esslinger C, Kirsch P, Haddad L, Mier D, Sauer C, Erk S, Schnell K, Arnold C, Witt SH, Rietschel M, Cichon S, Walter H, Meyer-Lindenberg A",NeuroImage
53jr2bbEm4vX-89LuGNFg9LjS,53jr2bbEm4vX,89LuGNFg9LjS,n-back,Working Memory Task (n-back) | Face Matching Task (FMT),t0010,Cognitive state and connectivity effects of the genome-wide significant psychosis variant inZNF804A,"Esslinger C, Kirsch P, Haddad L, Mier D, Sauer C, Erk S, Schnell K, Arnold C, Witt SH, Rietschel M, Cichon S, Walter H, Meyer-Lindenberg A",NeuroImage
55sKN7nGma5X-6fCtJLu4rRqg,55sKN7nGma5X,6fCtJLu4rRqg,n-back,N-back Task | Stroop Test | Rey-Osterrieth Complex Figure Test | Modified Wisconsin Card Sorting Test (MWCST),tbl4,Reduced fronto-temporal connectivity is associated with frontal gray matter density reduction and neuropsychological deficit in schizophrenia,"Spoletini I, Cherubini A, Di Paola M, Banfi G, Rusch N, Martinotti G, Bria P, Rubino IA, Siracusano A, Caltagirone C, Spalletta G",Schizophrenia research
55sKN7nGma5X-85EmceQu9f5f,55sKN7nGma5X,85EmceQu9f5f,n-back,N-back Task | Stroop Test | Rey-Osterrieth Complex Figure Test | Modified Wisconsin Card Sorting Test (MWCST),tbl2,Reduced fronto-temporal connectivity is associated with frontal gray matter density reduction and neuropsychological deficit in schizophrenia,"Spoletini I, Cherubini A, Di Paola M, Banfi G, Rusch N, Martinotti G, Bria P, Rubino IA, Siracusano A, Caltagirone C, Spalletta G",Schizophrenia research
57MEpEAz3HYn-5UHaDHKhzVLF,57MEpEAz3HYn,5UHaDHKhzVLF,n-back,2-back Task | Fear Conditioning Task,tbl1,Dissociation of neural responses and skin conductance reactions during fear conditioning with and without awareness of stimulus contingencies,"Tabbert K, Stark R, Kirsch P, Vaitl D",NeuroImage
57MEpEAz3HYn-6Bg86fTEP9Fn,57MEpEAz3HYn,6Bg86fTEP9Fn,n-back,2-back Task | Fear Conditioning Task,tbl2,Dissociation of neural responses and skin conductance reactions during fear conditioning with and without awareness of stimulus contingencies,"Tabbert K, Stark R, Kirsch P, Vaitl D",NeuroImage
57xGNbUm8CCf-C3RAEEEEA5uX,57xGNbUm8CCf,C3RAEEEEA5uX,n-back,N-back working memory task,tbl3,Vortioxetine reduces BOLD signal during performance of the N-back working memory task: a randomised neuroimaging trial in remitted depressed patients and healthy controls,J. Smith; M. Browning; S. Conen; R. Smallman; J. Buchbjerg; K. Larsen; C. Olsen; S. Christensen; G. Dawson; J. Deakin; P. Hawkins; R. Morris; G. Goodwin; C. Harmer,Molecular Psychiatry
59DogS3WcqER-SoRYmfnuJakU,59DogS3WcqER,SoRYmfnuJakU,n-back,n-back working memory task,Negative Associations,Dorsolateral Prefrontal Cortex Activity Predicts Responsiveness to Cognitive–Behavioral Therapy in Schizophrenia,V. Kumari; E. Peters; D. Fannon; E. Antonova; P. Premkumar; A. Anilkumar; Steven C. R. Williams; E. Kuipers,Biological Psychiatry
59DogS3WcqER-x6Wk2fcs9MVg,59DogS3WcqER,x6Wk2fcs9MVg,n-back,n-back working memory task,Positive Associations,Dorsolateral Prefrontal Cortex Activity Predicts Responsiveness to Cognitive–Behavioral Therapy in Schizophrenia,V. Kumari; E. Peters; D. Fannon; E. Antonova; P. Premkumar; A. Anilkumar; Steven C. R. Williams; E. Kuipers,Biological Psychiatry
59X9t9a8rfUH-2wthTPkeujRd,59X9t9a8rfUH,2wthTPkeujRd,n-back,n-back task,Gray matter decreases in individuals with protective haplotype,Brain structural and functional substrates of ADGRL3 (latrophilin 3) haplotype in attention-deficit/hyperactivity disorder,A. Moreno-Alcázar; J. Ramos-Quiroga; M. Ribasés; C. Sánchez-Mora; G. Palomar; R. Bosch; J. Salavert; L. Fortea; Gemma C. Monté-Rubio; Erick Jorge Canales-Rodríguez; M. Milham; F. Castellanos; M. Casas; E. Pomarol-Clotet; J. Raduà,Scientific Reports
59X9t9a8rfUH-5cuVZcPBhW8Q,59X9t9a8rfUH,5cuVZcPBhW8Q,n-back,n-back task,Gray matter increases in individuals with risk haplotype,Brain structural and functional substrates of ADGRL3 (latrophilin 3) haplotype in attention-deficit/hyperactivity disorder,A. Moreno-Alcázar; J. Ramos-Quiroga; M. Ribasés; C. Sánchez-Mora; G. Palomar; R. Bosch; J. Salavert; L. Fortea; Gemma C. Monté-Rubio; Erick Jorge Canales-Rodríguez; M. Milham; F. Castellanos; M. Casas; E. Pomarol-Clotet; J. Raduà,Scientific Reports
59X9t9a8rfUH-6a7kMdnkPCRD,59X9t9a8rfUH,6a7kMdnkPCRD,n-back,n-back task,Interaction: gray matter decreases in patients with protective haplotype,Brain structural and functional substrates of ADGRL3 (latrophilin 3) haplotype in attention-deficit/hyperactivity disorder,A. Moreno-Alcázar; J. Ramos-Quiroga; M. Ribasés; C. Sánchez-Mora; G. Palomar; R. Bosch; J. Salavert; L. Fortea; Gemma C. Monté-Rubio; Erick Jorge Canales-Rodríguez; M. Milham; F. Castellanos; M. Casas; E. Pomarol-Clotet; J. Raduà,Scientific Reports
59X9t9a8rfUH-KbBqEJufWJ87,59X9t9a8rfUH,KbBqEJufWJ87,n-back,n-back task,Hyper-activation in patients,Brain structural and functional substrates of ADGRL3 (latrophilin 3) haplotype in attention-deficit/hyperactivity disorder,A. Moreno-Alcázar; J. Ramos-Quiroga; M. Ribasés; C. Sánchez-Mora; G. Palomar; R. Bosch; J. Salavert; L. Fortea; Gemma C. Monté-Rubio; Erick Jorge Canales-Rodríguez; M. Milham; F. Castellanos; M. Casas; E. Pomarol-Clotet; J. Raduà,Scientific Reports
59X9t9a8rfUH-UWUn5CE5MTvf,59X9t9a8rfUH,UWUn5CE5MTvf,n-back,n-back task,Gray matter increases in patients,Brain structural and functional substrates of ADGRL3 (latrophilin 3) haplotype in attention-deficit/hyperactivity disorder,A. Moreno-Alcázar; J. Ramos-Quiroga; M. Ribasés; C. Sánchez-Mora; G. Palomar; R. Bosch; J. Salavert; L. Fortea; Gemma C. Monté-Rubio; Erick Jorge Canales-Rodríguez; M. Milham; F. Castellanos; M. Casas; E. Pomarol-Clotet; J. Raduà,Scientific Reports
59X9t9a8rfUH-hZSLF2XPkmXC,59X9t9a8rfUH,hZSLF2XPkmXC,n-back,n-back task,Hypo-activation in individuals with protective haplotype,Brain structural and functional substrates of ADGRL3 (latrophilin 3) haplotype in attention-deficit/hyperactivity disorder,A. Moreno-Alcázar; J. Ramos-Quiroga; M. Ribasés; C. Sánchez-Mora; G. Palomar; R. Bosch; J. Salavert; L. Fortea; Gemma C. Monté-Rubio; Erick Jorge Canales-Rodríguez; M. Milham; F. Castellanos; M. Casas; E. Pomarol-Clotet; J. Raduà,Scientific Reports
59X9t9a8rfUH-hciStGurUnM9,59X9t9a8rfUH,hciStGurUnM9,n-back,n-back task,Gray matter decreases in individuals with risk haplotype,Brain structural and functional substrates of ADGRL3 (latrophilin 3) haplotype in attention-deficit/hyperactivity disorder,A. Moreno-Alcázar; J. Ramos-Quiroga; M. Ribasés; C. Sánchez-Mora; G. Palomar; R. Bosch; J. Salavert; L. Fortea; Gemma C. Monté-Rubio; Erick Jorge Canales-Rodríguez; M. Milham; F. Castellanos; M. Casas; E. Pomarol-Clotet; J. Raduà,Scientific Reports
59X9t9a8rfUH-mdaEYHqdWoWU,59X9t9a8rfUH,mdaEYHqdWoWU,n-back,n-back task,Interaction: gray matter increases in patients with protective haplotype,Brain structural and functional substrates of ADGRL3 (latrophilin 3) haplotype in attention-deficit/hyperactivity disorder,A. Moreno-Alcázar; J. Ramos-Quiroga; M. Ribasés; C. Sánchez-Mora; G. Palomar; R. Bosch; J. Salavert; L. Fortea; Gemma C. Monté-Rubio; Erick Jorge Canales-Rodríguez; M. Milham; F. Castellanos; M. Casas; E. Pomarol-Clotet; J. Raduà,Scientific Reports
59X9t9a8rfUH-w3iScpBiE2TH,59X9t9a8rfUH,w3iScpBiE2TH,n-back,n-back task,Hypo-activation in individuals with risk haplotype,Brain structural and functional substrates of ADGRL3 (latrophilin 3) haplotype in attention-deficit/hyperactivity disorder,A. Moreno-Alcázar; J. Ramos-Quiroga; M. Ribasés; C. Sánchez-Mora; G. Palomar; R. Bosch; J. Salavert; L. Fortea; Gemma C. Monté-Rubio; Erick Jorge Canales-Rodríguez; M. Milham; F. Castellanos; M. Casas; E. Pomarol-Clotet; J. Raduà,Scientific Reports
59yNx26GdN3F-44RGuAuRa2wR,59yNx26GdN3F,44RGuAuRa2wR,n-back,Phonological One-Back Matching Task,t0010,Cerebral mechanisms for different second language writing systems,"Koyama MS, Stein JF, Stoodley CJ, Hansen PC",Neuropsychologia
59yNx26GdN3F-5uaDK5r6QuZH,59yNx26GdN3F,5uaDK5r6QuZH,n-back,Phonological One-Back Matching Task,t0015,Cerebral mechanisms for different second language writing systems,"Koyama MS, Stein JF, Stoodley CJ, Hansen PC",Neuropsychologia
59yNx26GdN3F-7GENRUp4sGeZ,59yNx26GdN3F,7GENRUp4sGeZ,n-back,Phonological One-Back Matching Task,t0020,Cerebral mechanisms for different second language writing systems,"Koyama MS, Stein JF, Stoodley CJ, Hansen PC",Neuropsychologia
5F9EeHVfaBYh-3YZZFDBYQjgu,5F9EeHVfaBYh,3YZZFDBYQjgu,n-back,N-back Task,26978,Effects of cerebellar lesions on working memory interacting with motor tasks of different complexities.,"Ilg W, Christensen A, Mueller OM, Goericke SL, Giese MA, Timmann D",Journal of neurophysiology
5F9EeHVfaBYh-7yAjcdYnuTeC,5F9EeHVfaBYh,7yAjcdYnuTeC,n-back,N-back Task,26979,Effects of cerebellar lesions on working memory interacting with motor tasks of different complexities.,"Ilg W, Christensen A, Mueller OM, Goericke SL, Giese MA, Timmann D",Journal of neurophysiology
5F9EeHVfaBYh-mHqCvVjQRZMw,5F9EeHVfaBYh,mHqCvVjQRZMw,n-back,N-back Task,26980,Effects of cerebellar lesions on working memory interacting with motor tasks of different complexities.,"Ilg W, Christensen A, Mueller OM, Goericke SL, Giese MA, Timmann D",Journal of neurophysiology
5FGCzBYge7Bo-5XMa7ue2norf,5FGCzBYge7Bo,5XMa7ue2norf,n-back,Two-back working memory task,T4,Reduced Functional Connectivity of Prefrontal Regions and Amygdala Within Affect and Working Memory Networks in Pediatric Bipolar Disorder,"Passarotti, Alessandra M;Ellis, James;Wegbreit, Ezra;Stevens, Michael C;Pavuluri, Mani N",Brain connectivity
5FGCzBYge7Bo-6CW62APxTGqg,5FGCzBYge7Bo,6CW62APxTGqg,n-back,Two-back working memory task,T5,Reduced Functional Connectivity of Prefrontal Regions and Amygdala Within Affect and Working Memory Networks in Pediatric Bipolar Disorder,"Passarotti, Alessandra M;Ellis, James;Wegbreit, Ezra;Stevens, Michael C;Pavuluri, Mani N",Brain connectivity
5FGCzBYge7Bo-8DBF2gRXEoYT,5FGCzBYge7Bo,8DBF2gRXEoYT,n-back,Two-back working memory task,T6,Reduced Functional Connectivity of Prefrontal Regions and Amygdala Within Affect and Working Memory Networks in Pediatric Bipolar Disorder,"Passarotti, Alessandra M;Ellis, James;Wegbreit, Ezra;Stevens, Michael C;Pavuluri, Mani N",Brain connectivity
5HVGAxnRDnar-4yWyNUots2xZ,5HVGAxnRDnar,4yWyNUots2xZ,n-back,n-back working memory task,tbl2,SCN1A Affects Brain Structure and the Neural Activity of the Aging Brain,"Meier S, Demirakca T, Brusniak W, Wolf I, Liebsch K, Tunc-Skarka N, Nieratschker V, Witt SH, Matthaus F, Ende G, Flor H, Rietschel M, Diener C, Schulze TG",Biological psychiatry
5Jyt2RYB74fe-6xXtrdXBn9jR,5Jyt2RYB74fe,6xXtrdXBn9jR,n-back,Visual One-Back Matching Task,22833,A cross-linguistic evaluation of script-specific effects on fMRI lateralization in late second language readers.,"Koyama MS, Stein JF, Stoodley CJ, Hansen PC",Frontiers in human neuroscience
5JzZx2upkz8N-5uv2twuTy6c5,5JzZx2upkz8N,5uv2twuTy6c5,n-back,Two-back identification task,tbl2,When meaningless symbols become letters: Neural activity change in learning new phonograms,"Callan AM, Callan DE, Masaki S",NeuroImage
5JzZx2upkz8N-B3z7zhFpi4qu,5JzZx2upkz8N,B3z7zhFpi4qu,n-back,Two-back identification task,tbl1,When meaningless symbols become letters: Neural activity change in learning new phonograms,"Callan AM, Callan DE, Masaki S",NeuroImage
5MhvfutjuBXP-35vLK2wSUarM,5MhvfutjuBXP,35vLK2wSUarM,n-back,Letter n-back task,25868,Load modulation of BOLD response and connectivity predicts working memory performance in younger and older adults.,"Nagel IE, Preuschhof C, Li SC, Nyberg L, Backman L, Lindenberger U, Heekeren HR",Journal of cognitive neuroscience
5MhvfutjuBXP-3qatbKAbjyiG,5MhvfutjuBXP,3qatbKAbjyiG,n-back,Letter n-back task,25869,Load modulation of BOLD response and connectivity predicts working memory performance in younger and older adults.,"Nagel IE, Preuschhof C, Li SC, Nyberg L, Backman L, Lindenberger U, Heekeren HR",Journal of cognitive neuroscience
5MhvfutjuBXP-fyAmbYQZrmAe,5MhvfutjuBXP,fyAmbYQZrmAe,n-back,Letter n-back task,25867,Load modulation of BOLD response and connectivity predicts working memory performance in younger and older adults.,"Nagel IE, Preuschhof C, Li SC, Nyberg L, Backman L, Lindenberger U, Heekeren HR",Journal of cognitive neuroscience
5MrhermCrRjT-6889RmXDD2bD,5MrhermCrRjT,6889RmXDD2bD,n-back,n-back working memory task,Table 2,Bipolar depressed patients show both failure to activate and failure to de-activate during performance of a working memory task.,"Fernandez-Corcuera P, Salvador R, Monte GC, Salvador Sarro S, Goikolea JM, Amann B, Moro N, Sans-Sansa B, Ortiz-Gil J, Vieta E, Maristany T, McKenna PJ, Pomarol-Clotet E",Journal of affective disorders
5QFBRnkQLwgW-5E2dHYkTBDCF,5QFBRnkQLwgW,5E2dHYkTBDCF,n-back,N-back Task,27695,Fractionating the default mode network: distinct contributions of the ventral and dorsal posterior cingulate cortex to cognitive control.,"Leech R, Kamourieh S, Beckmann CF, Sharp DJ",The Journal of neuroscience : the official journal of the Society for Neuroscience
5RYxxLLT4YJA-5L3JacYFLhwC,5RYxxLLT4YJA,5L3JacYFLhwC,n-back,n-back working memory task,t0015,Gaming is related to enhanced working memory performance and task-related cortical activity,"M Moisala, V Salmela, L Hietajärvi, S Carlson, V Vuontela, K Lonka, K Hakkarainen, K Salmela-Aro, K Alho",Brain research
5RqXk9M4Y39P-7wexrjvPXYVk,5RqXk9M4Y39P,7wexrjvPXYVk,n-back,n-back paradigm,tbl1,A special role for numbers in working memory? An fMRI study,"Knops A, Nuerk HC, Fimm B, Vohn R, Willmes K",NeuroImage
5RqXk9M4Y39P-pAUXCkJECZP6,5RqXk9M4Y39P,pAUXCkJECZP6,n-back,n-back paradigm,tbl2,A special role for numbers in working memory? An fMRI study,"Knops A, Nuerk HC, Fimm B, Vohn R, Willmes K",NeuroImage
5SQ94twse3pU-4o8szjmbda6o,5SQ94twse3pU,4o8szjmbda6o,n-back,n-back task,nss136-T2,Neural correlates of mental effort evaluation— involvement of structures related to self-awareness,"Otto, Tobias;Zijlstra, Fred R H;Goebel, Rainer",Social cognitive and affective neuroscience
5SQ94twse3pU-7wQAdwrGnw8d,5SQ94twse3pU,7wQAdwrGnw8d,n-back,n-back task,nss136-T1,Neural correlates of mental effort evaluation— involvement of structures related to self-awareness,"Otto, Tobias;Zijlstra, Fred R H;Goebel, Rainer",Social cognitive and affective neuroscience
5TgnpcCErLBp-6a8n2VprQk2G,5TgnpcCErLBp,6a8n2VprQk2G,n-back,N-back Task,tbl2,Structural and functional imaging approaches in attention deficit/hyperactivity disorder: Does the temporal lobe play a key role?,"Kobel M, Bechtel N, Specht K, Klarhofer M, Weber P, Scheffler K, Opwis K, Penner IK",Psychiatry research
5TgnpcCErLBp-i9fK7sHuYaAo,5TgnpcCErLBp,i9fK7sHuYaAo,n-back,N-back Task,tbl3,Structural and functional imaging approaches in attention deficit/hyperactivity disorder: Does the temporal lobe play a key role?,"Kobel M, Bechtel N, Specht K, Klarhofer M, Weber P, Scheffler K, Opwis K, Penner IK",Psychiatry research
5U3EjvTC2wCA-7UAG4ceHpHnD,5U3EjvTC2wCA,7UAG4ceHpHnD,n-back,Lexical Decision Task | One-Back Task | Impossible Figures Task,T6,Neural correlates of language and non-language visuospatial processing in adolescents with reading disability,"Diehl, Joshua John;Frost, Stephen J;Sherman, Gordon;Mencl, W Einar;Kurian, Anish;Molfese, Peter;Landi, Nicole;Preston, Jonathan;Soldan, Anja;Fulbright, Robert K;Rueckl, Jay G;Seidenberg, Mark S;Hoeft, Fumiko;Pugh, Kenneth R",NeuroImage
5VtrFmJXsNUF-5EdWUzkdPm47,5VtrFmJXsNUF,5EdWUzkdPm47,n-back,2-back task with emotional stimuli,Table 2,The influence of early life stress on the integration of emotion and working memory.,"Sophie Metz, Sabine Aust, Yan Fan, Luisa Bönke, Zjala Harki, Matti Gärtner, Malek Bajbouj, Simone Grimm",Behavioural brain research
5W2jEN8oFyXd-7kxnRyvL6VVQ,5W2jEN8oFyXd,7kxnRyvL6VVQ,n-back,n-back task,tbl2,The relation of structural integrity and task-related functional connectivity in the aging brain,"Burianova H, Marstaller L, Choupan J, Sepehrband F, Ziaei M, Reutens D",Neurobiology of aging
5W2jEN8oFyXd-LTtjRHY2yXcA,5W2jEN8oFyXd,LTtjRHY2yXcA,n-back,n-back task,tbl1,The relation of structural integrity and task-related functional connectivity in the aging brain,"Burianova H, Marstaller L, Choupan J, Sepehrband F, Ziaei M, Reutens D",Neurobiology of aging
5XikytTCGWpN-2zAHMMKxLjo6,5XikytTCGWpN,2zAHMMKxLjo6,n-back,n-back task,Manic,"fMRI abnormalities in dorsolateral prefrontal cortex during a working memory task in manic, euthymic and depressed bipolar subjects",J. Townsend; S. Bookheimer; L. Foland-Ross; Catherine A. Sugar; L. Altshuler,Psychiatry Research: Neuroimaging
5XikytTCGWpN-HcFHQ5CVjcVQ,5XikytTCGWpN,HcFHQ5CVjcVQ,n-back,n-back task,Controls,"fMRI abnormalities in dorsolateral prefrontal cortex during a working memory task in manic, euthymic and depressed bipolar subjects",J. Townsend; S. Bookheimer; L. Foland-Ross; Catherine A. Sugar; L. Altshuler,Psychiatry Research: Neuroimaging
5XikytTCGWpN-g2um9whqtK2r,5XikytTCGWpN,g2um9whqtK2r,n-back,n-back task,Euthymic,"fMRI abnormalities in dorsolateral prefrontal cortex during a working memory task in manic, euthymic and depressed bipolar subjects",J. Townsend; S. Bookheimer; L. Foland-Ross; Catherine A. Sugar; L. Altshuler,Psychiatry Research: Neuroimaging
5XikytTCGWpN-kJViDM845RKF,5XikytTCGWpN,kJViDM845RKF,n-back,n-back task,Depressed,"fMRI abnormalities in dorsolateral prefrontal cortex during a working memory task in manic, euthymic and depressed bipolar subjects",J. Townsend; S. Bookheimer; L. Foland-Ross; Catherine A. Sugar; L. Altshuler,Psychiatry Research: Neuroimaging
5ZT4WrhMBgxr-3mCWiZpA9J5x,5ZT4WrhMBgxr,3mCWiZpA9J5x,n-back,N-back Task,IC 1 (SQZ>HC),Inferior frontal and insular cortical thinning is related to dysfunctional brain activation/deactivation during working memory task in schizophrenic patients,N. Pujol; R. Penadés; G. Rametti; R. Catalán; Dídac Vidal-Piñeiro; E. Palacios; N. Bargalló; M. Bernardo; C. Junqué,Psychiatry Research: Neuroimaging
5ad6xRwYU5Yw-MMZFfm7ygM3F,5ad6xRwYU5Yw,MMZFfm7ygM3F,n-back,Auditory n-back task,Regions where activation of T allele carriers decreased during nicotine patch,C957T polymorphism of the dopamine D2 receptor gene modulates the effect of nicotine on working memory performance and cortical processing efficiency,L. Jacobsen; L. Jacobsen; K. Pugh; K. Pugh; W. Mencl; J. Gelernter,Psychopharmacology
5ad6xRwYU5Yw-i7oa9dic7Jrh,5ad6xRwYU5Yw,i7oa9dic7Jrh,n-back,Auditory n-back task,Regions where activation of T allele carriers increased during nicotine patch,C957T polymorphism of the dopamine D2 receptor gene modulates the effect of nicotine on working memory performance and cortical processing efficiency,L. Jacobsen; L. Jacobsen; K. Pugh; K. Pugh; W. Mencl; J. Gelernter,Psychopharmacology
5c26DSYMwJoD-7DpGU28HYMUV,5c26DSYMwJoD,7DpGU28HYMUV,n-back,n-back task,tbl3,A longitudinal fMRI study of working memory in severe TBI patients with diffuse axonal injury,"Sanchez-Carrion, Rocio;Fernandez-Espejo, Davinia;Junque, Carme;Falcon, Carles;Bargallo, Nuria;Roig, Teresa;Bernabeu, Montserrat;Tormos, Jose M;Vendrell, Pere",NeuroImage
5cWBtxrULbmn-3GSkt7advwba,5cWBtxrULbmn,3GSkt7advwba,n-back,n-back working memory task,tbl2,Genetic Liability for Bipolar Disorder Is Characterized by Excess Frontal Activation in Response to a Working Memory Task,"Drapier D, Surguladze S, Marshall N, Schulze K, Fern A, Hall MH, Walshe M, Murray RM, McDonald C",Biological psychiatry
5d6uZERUkro6-3ETTdQNH7CoK,5d6uZERUkro6,3ETTdQNH7CoK,n-back,n-back task,t0015,Brain Effects of Cognitive Remediation Therapy in Schizophrenia: A Structural and Functional Neuroimaging Study,"Penades R, Pujol N, Catalan R, Massana G, Rametti G, Garcia-Rizo C, Bargallo N, Gasto C, Bernardo M, Junque C",Biological psychiatry
5d6uZERUkro6-6PGKmJtQdVCY,5d6uZERUkro6,6PGKmJtQdVCY,n-back,n-back task,t0020,Brain Effects of Cognitive Remediation Therapy in Schizophrenia: A Structural and Functional Neuroimaging Study,"Penades R, Pujol N, Catalan R, Massana G, Rametti G, Garcia-Rizo C, Bargallo N, Gasto C, Bernardo M, Junque C",Biological psychiatry
5dKCpHN5fibr-377wbGBseJS6,5dKCpHN5fibr,377wbGBseJS6,n-back,Auditory Matching Task (n-back WM),25645,Auditory working memory load impairs visual ventral stream processing: toward a unified model of attentional load.,"Klemen J, Buchel C, Buhler M, Menz MM, Rose M",Journal of cognitive neuroscience
5dKCpHN5fibr-3E9o6E89jB7h,5dKCpHN5fibr,3E9o6E89jB7h,n-back,Auditory Matching Task (n-back WM),25644,Auditory working memory load impairs visual ventral stream processing: toward a unified model of attentional load.,"Klemen J, Buchel C, Buhler M, Menz MM, Rose M",Journal of cognitive neuroscience
5hMDZYsX6eTh-FSF4vs3dTQEF,5hMDZYsX6eTh,FSF4vs3dTQEF,n-back,n-back Task,Cluster properties of VOI utilized in DCM comprised of brain regions that show an increase in BOLD signal during the task compared with the baseline and overlap across participants in all 3 groups in BOLD signal increases during the task,"Psychotic Experiences, Working Memory, and the Developing Brain: A Multimodal Neuroimaging Study",L. Fonville; Kathrin Cohen Kadosh; Mark Drakesmith; A. Dutt; S. Zammit; J. Mollon; A. Reichenberg; G. Lewis; Derek K. Jones; A. David,Cerebral Cortex
5hXdy6qcpf3c-6EbQQQeTP3jE,5hXdy6qcpf3c,6EbQQQeTP3jE,n-back,n-back task,tbl3,The effects of BDNF Val66Met polymorphism on brain function in controls and patients with multiple sclerosis: An imaging genetic study,"Cerasa A, Tongiorgi E, Fera F, Gioia MC, Valentino P, Liguori M, Manna I, Zito G, Passamonti L, Nistico R, Quattrone A",Behavioural brain research
5iaDBzEbRQHN-qYoMr3VRLPR9,5iaDBzEbRQHN,qYoMr3VRLPR9,n-back,Digit Span and Letter-Number Sequencing (LNS) | Visual 2-back Task | Rivermead Behavioural Memory Test (RBMT) | Diffusion Tensor Imaging (DTI),RBMT,Diffusion tensor imaging differences relate to memory deficits in diffuse traumatic brain injury,E. Palacios; D. Fernández-Espejo; C. Junqué; R. Sanchez-Carrion; T. Roig; J. Tormos; N. Bargalló; P. Vendrell,BMC Neurology
5iaDBzEbRQHN-uJChwTK6qEa9,5iaDBzEbRQHN,uJChwTK6qEa9,n-back,Digit Span and Letter-Number Sequencing (LNS) | Visual 2-back Task | Rivermead Behavioural Memory Test (RBMT) | Diffusion Tensor Imaging (DTI),2-back d-prime index,Diffusion tensor imaging differences relate to memory deficits in diffuse traumatic brain injury,E. Palacios; D. Fernández-Espejo; C. Junqué; R. Sanchez-Carrion; T. Roig; J. Tormos; N. Bargalló; P. Vendrell,BMC Neurology
5jzouzQhAmsS-3uXBSXsPFq6v,5jzouzQhAmsS,3uXBSXsPFq6v,n-back,Numerical N-back Task,tbl2,Acute Psychological Stress Reduces Working Memory-Related Activity in the Dorsolateral Prefrontal Cortex,"Qin S, Hermans EJ, van Marle HJ, Luo J, Fernandez G",Biological psychiatry
5jzouzQhAmsS-5LP57S44cu58,5jzouzQhAmsS,5LP57S44cu58,n-back,Numerical N-back Task,tbl1,Acute Psychological Stress Reduces Working Memory-Related Activity in the Dorsolateral Prefrontal Cortex,"Qin S, Hermans EJ, van Marle HJ, Luo J, Fernandez G",Biological psychiatry
5mw8RUscVWY4-6ngWrJGDWBYN,5mw8RUscVWY4,6ngWrJGDWBYN,n-back,Numeric n-back working memory task,tbl3,Switching schizophrenia patients from typical neuroleptics to aripiprazole: Effects on working memory dependent functional activation,"Schlagenhauf F, Dinges M, Beck A, Wustenberg T, Friedel E, Dembler T, Sarkar R, Wrase J, Gallinat J, Juckel G, Heinz A",Schizophrenia research
5mw8RUscVWY4-7o7UbPfxjnuZ,5mw8RUscVWY4,7o7UbPfxjnuZ,n-back,Numeric n-back working memory task,tbl2,Switching schizophrenia patients from typical neuroleptics to aripiprazole: Effects on working memory dependent functional activation,"Schlagenhauf F, Dinges M, Beck A, Wustenberg T, Friedel E, Dembler T, Sarkar R, Wrase J, Gallinat J, Juckel G, Heinz A",Schizophrenia research
5opFJUYGFVHb-Buc2EiBVZCiv,5opFJUYGFVHb,Buc2EiBVZCiv,n-back,Auditory Working Memory Task with Interference | Visual 2-back Working Memory Task,tbl6,Altered brain activation in dorsolateral prefrontal cortex in adolescents and young adults at genetic risk for schizophrenia: An fMRI study of working memory,"Seidman LJ, Thermenos HW, Poldrack RA, Peace NK, Koch JK, Faraone SV, Tsuang MT",Schizophrenia research
5qaQW93BZHdb-5jCeD2FptppX,5qaQW93BZHdb,5jCeD2FptppX,n-back,Dual n-back task,28528,Transfer after Dual n-Back Training Depends on Striatal Activation Change.,"Salminen T, Kuhn S, Frensch PA, Schubert T",The Journal of neuroscience : the official journal of the Society for Neuroscience
5qaQW93BZHdb-68Cehueomo4b,5qaQW93BZHdb,68Cehueomo4b,n-back,Dual n-back task,28530,Transfer after Dual n-Back Training Depends on Striatal Activation Change.,"Salminen T, Kuhn S, Frensch PA, Schubert T",The Journal of neuroscience : the official journal of the Society for Neuroscience
5qaQW93BZHdb-6in6p5AuT9xJ,5qaQW93BZHdb,6in6p5AuT9xJ,n-back,Dual n-back task,28527,Transfer after Dual n-Back Training Depends on Striatal Activation Change.,"Salminen T, Kuhn S, Frensch PA, Schubert T",The Journal of neuroscience : the official journal of the Society for Neuroscience
5qaQW93BZHdb-6qbRCMwcftst,5qaQW93BZHdb,6qbRCMwcftst,n-back,Dual n-back task,28526,Transfer after Dual n-Back Training Depends on Striatal Activation Change.,"Salminen T, Kuhn S, Frensch PA, Schubert T",The Journal of neuroscience : the official journal of the Society for Neuroscience
5qaQW93BZHdb-7McMbxLkbEpY,5qaQW93BZHdb,7McMbxLkbEpY,n-back,Dual n-back task,28529,Transfer after Dual n-Back Training Depends on Striatal Activation Change.,"Salminen T, Kuhn S, Frensch PA, Schubert T",The Journal of neuroscience : the official journal of the Society for Neuroscience
5rfL6woinTEz-6hNJsw2zbpuR,5rfL6woinTEz,6hNJsw2zbpuR,n-back,Letter n-back task,Deactivation clusters,Task-induced functional brain connectivity mediates the relationship between striatal D2/3 receptors and working memory,M. Nour; T. Dahoun; R. McCutcheon; Rick A Adams; M. Wall; O. Howes,eLife
5rfL6woinTEz-KApepoQ5TPDo,5rfL6woinTEz,KApepoQ5TPDo,n-back,Letter n-back task,Activation clusters,Task-induced functional brain connectivity mediates the relationship between striatal D2/3 receptors and working memory,M. Nour; T. Dahoun; R. McCutcheon; Rick A Adams; M. Wall; O. Howes,eLife
5txLDJbeVyQD-7kHcJWNkg3Km,5txLDJbeVyQD,7kHcJWNkg3Km,n-back,N-back Task,t0010,Temporal unpredictability of a stimulus sequence affects brain activation differently depending on cognitive task demands,"Georgia Koppe, Harald Gruppe, Gebhard Sammer, Bernd Gallhofer, Peter Kirsch, Stefanie Lis",NeuroImage
5u5Ps8ugEsen-578JeuCoHqXW,5u5Ps8ugEsen,578JeuCoHqXW,n-back,n-back task,TD children-2,Atypical spatiotemporal signatures of working memory brain processes in autism,C. Urbain; E. Pang; Margot J. Taylor,Translational Psychiatry
5u5Ps8ugEsen-9zBR3DBproGx,5u5Ps8ugEsen,9zBR3DBproGx,n-back,n-back task,TD children,Atypical spatiotemporal signatures of working memory brain processes in autism,C. Urbain; E. Pang; Margot J. Taylor,Translational Psychiatry
5u5Ps8ugEsen-UBkC5vmZmdZe,5u5Ps8ugEsen,UBkC5vmZmdZe,n-back,n-back task,ASD children,Atypical spatiotemporal signatures of working memory brain processes in autism,C. Urbain; E. Pang; Margot J. Taylor,Translational Psychiatry
5u5Ps8ugEsen-Yqzm7xz47MWc,5u5Ps8ugEsen,Yqzm7xz47MWc,n-back,n-back task,ASD children-2,Atypical spatiotemporal signatures of working memory brain processes in autism,C. Urbain; E. Pang; Margot J. Taylor,Translational Psychiatry
5uqmezLePopW-6DPm39F6BVZc,5uqmezLePopW,6DPm39F6BVZc,n-back,n-back WM task,18322,Transcranial Direct Current Stimulation Modulates Neuronal Networks in Attention  Deficit Hyperactivity Disorder.,"Sotnikova A, Soff C, Tagliazucchi E, Becker K, Siniatchkin M",Brain topography
5uqmezLePopW-7vL6g8pWJCut,5uqmezLePopW,7vL6g8pWJCut,n-back,n-back WM task,18323,Transcranial Direct Current Stimulation Modulates Neuronal Networks in Attention  Deficit Hyperactivity Disorder.,"Sotnikova A, Soff C, Tagliazucchi E, Becker K, Siniatchkin M",Brain topography
5wqojeZZGAeY-h8vv2dbTWWbS,5wqojeZZGAeY,h8vv2dbTWWbS,n-back,n-back task,32598,Prefrontal direct current stimulation modulates resting EEG and event-related potentials in healthy subjects: a standardized low resolution tomography (sLORETA) study.,"Keeser D, Padberg F, Reisinger E, Pogarell O, Kirsch V, Palm U, Karch S, Moller HJ, Nitsche MA, Mulert C",NeuroImage
5xXrzMJsG9gk-EJSEk7N6DcBw,5xXrzMJsG9gk,EJSEk7N6DcBw,n-back,1-back task,Words in ventral OTC,Consistency and variability in functional localisers,K. Duncan; C. Pattamadilok; I. Knierim; J. Devlin,NeuroImage
5xXrzMJsG9gk-EwFtR62xMNM2,5xXrzMJsG9gk,EwFtR62xMNM2,n-back,1-back task,Objects in lateral OTC,Consistency and variability in functional localisers,K. Duncan; C. Pattamadilok; I. Knierim; J. Devlin,NeuroImage
636U69ijVvzM-pGV7BVEyvcRz,636U69ijVvzM,pGV7BVEyvcRz,n-back,n-back working memory task,Control,Functional connectivity in an fMRI working memory task in high-functioning autism,H. Koshino; P. Carpenter; N. Minshew; V. Cherkassky; T. Keller; M. Just,NeuroImage
636U69ijVvzM-qhcS3GYpgWF2,636U69ijVvzM,qhcS3GYpgWF2,n-back,n-back working memory task,Autism,Functional connectivity in an fMRI working memory task in high-functioning autism,H. Koshino; P. Carpenter; N. Minshew; V. Cherkassky; T. Keller; M. Just,NeuroImage
63VVwr7DxTNR-CoLL7QF83LkK,63VVwr7DxTNR,CoLL7QF83LkK,n-back,Visual n-back task,Controls > Schizophrenia-2,Diagnostic discontinuity in psychosis: a combined study of cortical gyrification and functional connectivity.,L. Palaniyappan; P. Liddle,Schizophrenia bulletin
63VVwr7DxTNR-Dgua7eiaRqoS,63VVwr7DxTNR,Dgua7eiaRqoS,n-back,Visual n-back task,Bipolar > Schizophrenia,Diagnostic discontinuity in psychosis: a combined study of cortical gyrification and functional connectivity.,L. Palaniyappan; P. Liddle,Schizophrenia bulletin
63VVwr7DxTNR-ESEgpH44Y3Dq,63VVwr7DxTNR,ESEgpH44Y3Dq,n-back,Visual n-back task,Controls > Bipolar-2,Diagnostic discontinuity in psychosis: a combined study of cortical gyrification and functional connectivity.,L. Palaniyappan; P. Liddle,Schizophrenia bulletin
63VVwr7DxTNR-PQ7X5apZn9aK,63VVwr7DxTNR,PQ7X5apZn9aK,n-back,Visual n-back task,1,Diagnostic discontinuity in psychosis: a combined study of cortical gyrification and functional connectivity.,L. Palaniyappan; P. Liddle,Schizophrenia bulletin
63VVwr7DxTNR-PuGjUH4QZSmc,63VVwr7DxTNR,PuGjUH4QZSmc,n-back,Visual n-back task,Bipolar > Controls-2,Diagnostic discontinuity in psychosis: a combined study of cortical gyrification and functional connectivity.,L. Palaniyappan; P. Liddle,Schizophrenia bulletin
63VVwr7DxTNR-PumqiB5ysqYt,63VVwr7DxTNR,PumqiB5ysqYt,n-back,Visual n-back task,Schizophrenia > Controls-2,Diagnostic discontinuity in psychosis: a combined study of cortical gyrification and functional connectivity.,L. Palaniyappan; P. Liddle,Schizophrenia bulletin
63VVwr7DxTNR-QEieX7nBF59m,63VVwr7DxTNR,QEieX7nBF59m,n-back,Visual n-back task,Bipolar > Controls,Diagnostic discontinuity in psychosis: a combined study of cortical gyrification and functional connectivity.,L. Palaniyappan; P. Liddle,Schizophrenia bulletin
63VVwr7DxTNR-hTTLxhTZ6a84,63VVwr7DxTNR,hTTLxhTZ6a84,n-back,Visual n-back task,Controls > Schizophrenia,Diagnostic discontinuity in psychosis: a combined study of cortical gyrification and functional connectivity.,L. Palaniyappan; P. Liddle,Schizophrenia bulletin
63VVwr7DxTNR-jqWgHgRhHzH9,63VVwr7DxTNR,jqWgHgRhHzH9,n-back,Visual n-back task,Controls > Bipolar,Diagnostic discontinuity in psychosis: a combined study of cortical gyrification and functional connectivity.,L. Palaniyappan; P. Liddle,Schizophrenia bulletin
63VVwr7DxTNR-qiVTShL7TcPv,63VVwr7DxTNR,qiVTShL7TcPv,n-back,Visual n-back task,Bipolar > Schizophrenia-2,Diagnostic discontinuity in psychosis: a combined study of cortical gyrification and functional connectivity.,L. Palaniyappan; P. Liddle,Schizophrenia bulletin
63VVwr7DxTNR-zcy9PVVxXMCo,63VVwr7DxTNR,zcy9PVVxXMCo,n-back,Visual n-back task,Schizophrenia > Bipolar-2,Diagnostic discontinuity in psychosis: a combined study of cortical gyrification and functional connectivity.,L. Palaniyappan; P. Liddle,Schizophrenia bulletin
67VD4XhYfc6f-7WG6bRYyyQhr,67VD4XhYfc6f,7WG6bRYyyQhr,n-back,N-back Task,tbl1,Interactions of cognitive reserve with regional brain anatomy and brain function during a working memory task in healthy elders,"Bartres-Faz D, Sole-Padulles C, Junque C, Rami L, Bosch B, Bargallo N, Falcon C, Sanchez-Valle R, Molinuevo JL",Biological psychology
67sX9nzjphJK-4MN5dm6MmEiS,67sX9nzjphJK,4MN5dm6MmEiS,n-back,One-back task,t0010,Improving the reliability of functional localizers,"Kawabata Duncan KJ, Devlin JT",NeuroImage
69mKo8uyaqXe-2uVCSMAZpMcx,69mKo8uyaqXe,2uVCSMAZpMcx,n-back,One-back task,Controls,Multi-voxel pattern analysis (MVPA) reveals abnormal fMRI activity in both the “core” and “extended” face network in congenital prosopagnosia,D. Rivolta; A. Woolgar; Romina Palermo; Marina Butko; Laura Schmalzl; Mark A. Williams,Frontiers in Human Neuroscience
69mKo8uyaqXe-4N7WLKJSvLEf,69mKo8uyaqXe,4N7WLKJSvLEf,n-back,One-back task,CPs-3,Multi-voxel pattern analysis (MVPA) reveals abnormal fMRI activity in both the “core” and “extended” face network in congenital prosopagnosia,D. Rivolta; A. Woolgar; Romina Palermo; Marina Butko; Laura Schmalzl; Mark A. Williams,Frontiers in Human Neuroscience
69mKo8uyaqXe-8pumnguzEMYj,69mKo8uyaqXe,8pumnguzEMYj,n-back,One-back task,Controls-2,Multi-voxel pattern analysis (MVPA) reveals abnormal fMRI activity in both the “core” and “extended” face network in congenital prosopagnosia,D. Rivolta; A. Woolgar; Romina Palermo; Marina Butko; Laura Schmalzl; Mark A. Williams,Frontiers in Human Neuroscience
69mKo8uyaqXe-8takNrZR7pH9,69mKo8uyaqXe,8takNrZR7pH9,n-back,One-back task,Controls-3,Multi-voxel pattern analysis (MVPA) reveals abnormal fMRI activity in both the “core” and “extended” face network in congenital prosopagnosia,D. Rivolta; A. Woolgar; Romina Palermo; Marina Butko; Laura Schmalzl; Mark A. Williams,Frontiers in Human Neuroscience
69mKo8uyaqXe-JXfGoKNFNNQG,69mKo8uyaqXe,JXfGoKNFNNQG,n-back,One-back task,CPs-5,Multi-voxel pattern analysis (MVPA) reveals abnormal fMRI activity in both the “core” and “extended” face network in congenital prosopagnosia,D. Rivolta; A. Woolgar; Romina Palermo; Marina Butko; Laura Schmalzl; Mark A. Williams,Frontiers in Human Neuroscience
69mKo8uyaqXe-bdxpzfRyEwd5,69mKo8uyaqXe,bdxpzfRyEwd5,n-back,One-back task,Controls-5,Multi-voxel pattern analysis (MVPA) reveals abnormal fMRI activity in both the “core” and “extended” face network in congenital prosopagnosia,D. Rivolta; A. Woolgar; Romina Palermo; Marina Butko; Laura Schmalzl; Mark A. Williams,Frontiers in Human Neuroscience
69mKo8uyaqXe-jn98C8d424ph,69mKo8uyaqXe,jn98C8d424ph,n-back,One-back task,CPs-4,Multi-voxel pattern analysis (MVPA) reveals abnormal fMRI activity in both the “core” and “extended” face network in congenital prosopagnosia,D. Rivolta; A. Woolgar; Romina Palermo; Marina Butko; Laura Schmalzl; Mark A. Williams,Frontiers in Human Neuroscience
69mKo8uyaqXe-mZtxbAfgVemb,69mKo8uyaqXe,mZtxbAfgVemb,n-back,One-back task,CPs,Multi-voxel pattern analysis (MVPA) reveals abnormal fMRI activity in both the “core” and “extended” face network in congenital prosopagnosia,D. Rivolta; A. Woolgar; Romina Palermo; Marina Butko; Laura Schmalzl; Mark A. Williams,Frontiers in Human Neuroscience
69mKo8uyaqXe-qdogJaspgLqy,69mKo8uyaqXe,qdogJaspgLqy,n-back,One-back task,CPs-2,Multi-voxel pattern analysis (MVPA) reveals abnormal fMRI activity in both the “core” and “extended” face network in congenital prosopagnosia,D. Rivolta; A. Woolgar; Romina Palermo; Marina Butko; Laura Schmalzl; Mark A. Williams,Frontiers in Human Neuroscience
69mKo8uyaqXe-uqW2RKBZZANm,69mKo8uyaqXe,uqW2RKBZZANm,n-back,One-back task,Controls-4,Multi-voxel pattern analysis (MVPA) reveals abnormal fMRI activity in both the “core” and “extended” face network in congenital prosopagnosia,D. Rivolta; A. Woolgar; Romina Palermo; Marina Butko; Laura Schmalzl; Mark A. Williams,Frontiers in Human Neuroscience
69mKo8uyaqXe-y5ZYidGQtt98,69mKo8uyaqXe,y5ZYidGQtt98,n-back,One-back task,Controls vs. CPs,Multi-voxel pattern analysis (MVPA) reveals abnormal fMRI activity in both the “core” and “extended” face network in congenital prosopagnosia,D. Rivolta; A. Woolgar; Romina Palermo; Marina Butko; Laura Schmalzl; Mark A. Williams,Frontiers in Human Neuroscience
6ASrmnLs5E4w-7oZANEaf4nKX,6ASrmnLs5E4w,7oZANEaf4nKX,n-back,Object-Location Task (D-L) | 2-back Task (C-H) | 1-back Task (C-L) | Alternate Uses Task (D-H),t0010,Creativity and the brain: Uncovering the neural signature of conceptual expansion,"Abraham A, Pieritz K, Thybusch K, Rutter B, Kroger S, Schweckendiek J, Stark R, Windmann S, Hermann C",Neuropsychologia
6HZ9yhNdSESo-3hyLsCmmAtzS,6HZ9yhNdSESo,3hyLsCmmAtzS,n-back,Passive Listening with One-Back Memory Task,t0015,Neurocognitive dimensions of lexical complexity in Polish,"Szlachta Z, Bozic M, Jelowicka A, Marslen-Wilson WD",Brain and language
6HZ9yhNdSESo-3wLwmuA4XBAb,6HZ9yhNdSESo,3wLwmuA4XBAb,n-back,Passive Listening with One-Back Memory Task,t0010,Neurocognitive dimensions of lexical complexity in Polish,"Szlachta Z, Bozic M, Jelowicka A, Marslen-Wilson WD",Brain and language
6JkYQLh877p5-5ibaN4rTdmEy,6JkYQLh877p5,5ibaN4rTdmEy,n-back,Two-back letter working memory task,T2,Quantification of indirect pathway inhibition by the adenosine A2a antagonist SYN115 in Parkinson disease,"Black KJ, Koller JM, Campbell MC, Gusnard DA, Bandak SI",The Journal of neuroscience : the official journal of the Society for Neuroscience
6NARmqnrri9e-3osjXMpQhNHp,6NARmqnrri9e,3osjXMpQhNHp,n-back,1-back working memory task | 2-back working memory task,32946,Cortico-striatal disconnection within the cingulo-opercular network in schizophrenia revealed by intrinsic functional connectivity analysis: a resting fMRI study.,"Tu PC, Hsieh JC, Li CT, Bai YM, Su TP",NeuroImage
6QTuCTMmJTir-3WXZ2TpW2zkH,6QTuCTMmJTir,3WXZ2TpW2zkH,n-back,n-back task,t0010,Between- and within-scanner variability in the CaliBrain study n-back cognitive task,"Victoria Gradin, Viktoria-Eleni Gountouna, Gordon Waiter, Trevor S Ahearn, David Brennan, Barrie Condon, Ian Marshall, David J McGonigle, Alison D Murray, Heather Whalley, Jonathan Cavanagh, Donald Hadley, Katherine Lymer, Andrew McIntosh, Thomas William Moorhead, Dominic Job, Joanna Wardlaw, Stephen M Lawrie, John Douglas Steele",Psychiatry research
6QTuCTMmJTir-4QVFXNdEGZfT,6QTuCTMmJTir,4QVFXNdEGZfT,n-back,n-back task,t0005,Between- and within-scanner variability in the CaliBrain study n-back cognitive task,"Victoria Gradin, Viktoria-Eleni Gountouna, Gordon Waiter, Trevor S Ahearn, David Brennan, Barrie Condon, Ian Marshall, David J McGonigle, Alison D Murray, Heather Whalley, Jonathan Cavanagh, Donald Hadley, Katherine Lymer, Andrew McIntosh, Thomas William Moorhead, Dominic Job, Joanna Wardlaw, Stephen M Lawrie, John Douglas Steele",Psychiatry research
6TB5JasPVze3-3QSuhBsvzF9A,6TB5JasPVze3,3QSuhBsvzF9A,n-back,Sustained and Divided Attention Task | n-back task,tbl0015,Frontal and parietal activity after sleep deprivation is dependent on task difficulty and can be predicted by the fMRI response after normal sleep,"Lythe KE, Williams SC, Anderson C, Libri V, Mehta MA",Behavioural brain research
6TB5JasPVze3-6bKHzAPghsUZ,6TB5JasPVze3,6bKHzAPghsUZ,n-back,Sustained and Divided Attention Task | n-back task,tbl0010,Frontal and parietal activity after sleep deprivation is dependent on task difficulty and can be predicted by the fMRI response after normal sleep,"Lythe KE, Williams SC, Anderson C, Libri V, Mehta MA",Behavioural brain research
6TCunrtsDbcd-5nWErqhSc28i,6TCunrtsDbcd,5nWErqhSc28i,n-back,Maintenance-only WM 1-back task | Maintenance plus manipulation WM 1-back task,T2,Mapping of the Underlying Neural Mechanisms of Maintenance and Manipulation in Visuo-Spatial Working Memory Using An n-back Mental Rotation Task: A Functional Magnetic Resonance Imaging Study,"Lamp G, Alexander B, Laycock R, Crewther DP, Crewther SG",Frontiers in behavioral neuroscience
6TCunrtsDbcd-7eMfPogatzdA,6TCunrtsDbcd,7eMfPogatzdA,n-back,Maintenance-only WM 1-back task | Maintenance plus manipulation WM 1-back task,T3,Mapping of the Underlying Neural Mechanisms of Maintenance and Manipulation in Visuo-Spatial Working Memory Using An n-back Mental Rotation Task: A Functional Magnetic Resonance Imaging Study,"Lamp G, Alexander B, Laycock R, Crewther DP, Crewther SG",Frontiers in behavioral neuroscience
6UohJtuoXBkW-65FuJEVm87f3,6UohJtuoXBkW,65FuJEVm87f3,n-back,n-back working memory task,T3,Prefrontal hypoactivation during working memory in bipolar II depression,"Brooks, J O 3rd;Vizueta, N;Penfold, C;Townsend, J D;Bookheimer, S Y;Altshuler, L L",Psychological medicine
6XMMPteZ2STn-3R8BM4dD8Lmo,6XMMPteZ2STn,3R8BM4dD8Lmo,n-back,n-back | Random movement generation | Overt verbal fluency | Spatial Object Location,tbl3,Effects of acute antipsychotic treatment on brain activation in first episode psychosis: An fMRI study,"Fusar-Poli P, Broome MR, Matthiasson P, Williams SC, Brammer M, McGuire PK",European neuropsychopharmacology : the journal of the European College of Neuropsychopharmacology
6XMMPteZ2STn-6YdY7oWsvwBE,6XMMPteZ2STn,6YdY7oWsvwBE,n-back,n-back | Random movement generation | Overt verbal fluency | Spatial Object Location,tbl4,Effects of acute antipsychotic treatment on brain activation in first episode psychosis: An fMRI study,"Fusar-Poli P, Broome MR, Matthiasson P, Williams SC, Brammer M, McGuire PK",European neuropsychopharmacology : the journal of the European College of Neuropsychopharmacology
6XxhUVjc26ya-5uMVV6FZDwLe,6XxhUVjc26ya,5uMVV6FZDwLe,n-back,Speech Production and One-Back Matching Task,3) [O>B],Four Functionally Distinct Regions in the Left Supramarginal Gyrus Support Word Processing,M. Oberhuber; T. Hope; M. Seghier; Oiwi Parker Jones; S. Prejawa; D. Green; C. Price,Cerebral Cortex
6YefLGDpmmpw-5tADJNUzUbkR,6YefLGDpmmpw,5tADJNUzUbkR,n-back,2back visual working memory task,Table 3,Working memory in schizotypal personality disorder: fMRI activation and deactivation differences.,"Vu MA, Thermenos HW, Terry DP, Wolfe DJ, Voglmaier MM, Niznikiewicz MA, McCarley RW, Seidman LJ, Dickey CC",Schizophrenia research
6eGKV626qqau-6C944Pf4R6rJ,6eGKV626qqau,6C944Pf4R6rJ,n-back,Eating Disorders Examination Questionnaire (EDE-Q) | Barratt Impulsiveness Scale (BIS-11) | Obsessive-Compulsive Inventory-Revised (OCI-R) | Working Memory Task (1-back task),t0020,Obsessive-compulsivity and working memory are associated with differential prefrontal cortex and insula activation in adolescents with a recent diagnosis of an eating disorder,"Brooks SJ, Solstrand Dahlberg L, Swenne I, Aronsson M, Zarei S, Lundberg L, Jacobsson JA, Rask-Andersen M, Salonen-Ros H, Rosling A, Larsson EM, Schioth HB",Psychiatry research
6eGKV626qqau-6PxK4ZZLFvsp,6eGKV626qqau,6PxK4ZZLFvsp,n-back,Eating Disorders Examination Questionnaire (EDE-Q) | Barratt Impulsiveness Scale (BIS-11) | Obsessive-Compulsive Inventory-Revised (OCI-R) | Working Memory Task (1-back task),t0010,Obsessive-compulsivity and working memory are associated with differential prefrontal cortex and insula activation in adolescents with a recent diagnosis of an eating disorder,"Brooks SJ, Solstrand Dahlberg L, Swenne I, Aronsson M, Zarei S, Lundberg L, Jacobsson JA, Rask-Andersen M, Salonen-Ros H, Rosling A, Larsson EM, Schioth HB",Psychiatry research
6eGKV626qqau-npaipLsWSqLh,6eGKV626qqau,npaipLsWSqLh,n-back,Eating Disorders Examination Questionnaire (EDE-Q) | Barratt Impulsiveness Scale (BIS-11) | Obsessive-Compulsive Inventory-Revised (OCI-R) | Working Memory Task (1-back task),t0015,Obsessive-compulsivity and working memory are associated with differential prefrontal cortex and insula activation in adolescents with a recent diagnosis of an eating disorder,"Brooks SJ, Solstrand Dahlberg L, Swenne I, Aronsson M, Zarei S, Lundberg L, Jacobsson JA, Rask-Andersen M, Salonen-Ros H, Rosling A, Larsson EM, Schioth HB",Psychiatry research
6g6QFAKgcsag-5yrghk6yRzzx,6g6QFAKgcsag,5yrghk6yRzzx,n-back,n-back task,tbl1,Evidence of a modality-dependent role of the cerebellum in working memory? An fMRI study comparing verbal and abstract n-back tasks,"Hautzel H, Mottaghy FM, Specht K, Muller HW, Krause BJ",NeuroImage
6gEk2KHjZMEB-4Fan47HFM8Hk,6gEk2KHjZMEB,4Fan47HFM8Hk,n-back,N-back Working Memory Task,t0005,Identification of the neural correlates of cyclothymic temperament using a working memory task in fMRI,"Kodama K, Terao T, Hatano K, Kohno K, Makino M, Mizokami Y, Kamei K, Katayama Y, Hoaki Y, Sakai A, Shirahama M, Watanabe S, Shimomura T, Fujiki M, Kochiyama T",Journal of affective disorders
6gvt8qHsXupB-CBstVqhtZ9ZV,6gvt8qHsXupB,CBstVqhtZ9ZV,n-back,n-back tasks,"Letter 1Back - 0Back, Fractal 1Back - 0Back, Letter 2Back - 0Back, Fractal 2Back - 0Back, Letter 2Back - 1Back, Fractal 2Back - 1Back",Working Memory for Complex Figures: An fMRI Comparison of Letter and Fractal n-Back Tasks,"Ragland, J Daniel;Turetsky, Bruce I;Gur, Ruben C;Gunning-Dixon, Faith;Turner, Travis;Schroeder, Lee;Chan, Robin;Gur, Raquel E",Neuropsychology
6gvt8qHsXupB-FWD77aMR5k3Y,6gvt8qHsXupB,FWD77aMR5k3Y,n-back,n-back tasks,"Letter 1Back - 0Back, Fractal 1Back - 0Back, Letter 2Back - 0Back, Fractal 2Back - 0Back, Letter 2Back - 1Back, Fractal 2Back - 1Back",Working Memory for Complex Figures: An fMRI Comparison of Letter and Fractal n-Back Tasks,"Ragland, J Daniel;Turetsky, Bruce I;Gur, Ruben C;Gunning-Dixon, Faith;Turner, Travis;Schroeder, Lee;Chan, Robin;Gur, Raquel E",Neuropsychology
6hgXdRtydMEu-3do7nDnCi2qg,6hgXdRtydMEu,3do7nDnCi2qg,n-back,Recognition Memory Paradigm | N-Back Working Memory Paradigm,tbl1,Epistasis between Dopamine Regulating Genes Identifies a Nonlinear Response of the Human Hippocampus During Memory Tasks,"Bertolino A, Di Giorgio A, Blasi G, Sambataro F, Caforio G, Sinibaldi L, Latorre V, Rampino A, Taurisano P, Fazio L, Romano R, Douzgou S, Popolizio T, Kolachana B, Nardini M, Weinberger DR, Dallapiccola B",Biological psychiatry
6kmTGvkUZDYo-47oJRsHNYFFN,6kmTGvkUZDYo,47oJRsHNYFFN,n-back,n-back Task,tbl1,Brain connectivity during resting state and subsequent working memory task predicts behavioural performance,"Sala-Llonch R, Pena-Gomez C, Arenaza-Urquijo EM, Vidal-Pineiro D, Bargallo N, Junque C, Bartres-Faz D",Cortex; a journal devoted to the study of the nervous system and behavior
6mmTKTsEYQbv-5QKpDyvwVJK4,6mmTKTsEYQbv,5QKpDyvwVJK4,n-back,N-back Task,T1,Psychometrically matched tasks evaluating differential fMRI activation during form and motion processing,"Snyder, Andrea N;Bockbrader, Marcie A;Hoffa, Angela M;Dzemidzic, Mario A;Talavage, Thomas M;Wong, Donald;Lowe, Mark J;O'Donnell, Brian F;Shekhar, Anantha",Neuropsychology
6mmTKTsEYQbv-WSHvCn2NzTCn,6mmTKTsEYQbv,WSHvCn2NzTCn,n-back,N-back Task,T3,Psychometrically matched tasks evaluating differential fMRI activation during form and motion processing,"Snyder, Andrea N;Bockbrader, Marcie A;Hoffa, Angela M;Dzemidzic, Mario A;Talavage, Thomas M;Wong, Donald;Lowe, Mark J;O'Donnell, Brian F;Shekhar, Anantha",Neuropsychology
6moeihfugesx-5XQ9oZUuew47,6moeihfugesx,5XQ9oZUuew47,n-back,Verbal n-back task,42554,"Self-control, negative affect and neural activity during effortful cognition in deprived smokers.","Wilson SJ, Sayette MA, Fiez JA",Social cognitive and affective neuroscience
6moeihfugesx-7WihSDciiUGS,6moeihfugesx,7WihSDciiUGS,n-back,Verbal n-back task,42553,"Self-control, negative affect and neural activity during effortful cognition in deprived smokers.","Wilson SJ, Sayette MA, Fiez JA",Social cognitive and affective neuroscience
6oqPF4uaZ4qn-5ARi7UJK86r4,6oqPF4uaZ4qn,5ARi7UJK86r4,n-back,One-back Task,tbl2,"Processing of food pictures: Influence of hunger, gender and calorie content","Frank S, Laharnar N, Kullmann S, Veit R, Canova C, Hegner YL, Fritsche A, Preissl H",Brain research
6oqPF4uaZ4qn-6kdrC5JD9G2D,6oqPF4uaZ4qn,6kdrC5JD9G2D,n-back,One-back Task,tbl3,"Processing of food pictures: Influence of hunger, gender and calorie content","Frank S, Laharnar N, Kullmann S, Veit R, Canova C, Hegner YL, Fritsche A, Preissl H",Brain research
6rYH8kETLihq-5cEHyBSxArXy,6rYH8kETLihq,5cEHyBSxArXy,n-back,2-back Working Memory Task (Facial) | 2-back Working Memory Task (Spatial),22993,Functional networks and structural connectivity of visuospatial and visuoperceptual working memory.,"Sala-Llonch R, Palacios EM, Junque C, Bargallo N, Vendrell P",Frontiers in human neuroscience
6sNzU6TJh9JH-4oTJxrLKsXyM,6sNzU6TJh9JH,4oTJxrLKsXyM,n-back,Auditory N-back Task,23542,Compensatory activations in patients with multiple sclerosis during preserved performance on the auditory N-back task.,"Forn C, Barros-Loscertales A, Escudero J, Benlloch V, Campos S, Antonia Parcet M, Avila C",Human brain mapping
6tUYQuoMMimq-42fBSyCjdDzG,6tUYQuoMMimq,42fBSyCjdDzG,n-back,n-back task,40776,Dynamic reconfiguration of frontal brain networks during executive cognition in humans.,"Braun U, Schafer A, Walter H, Erk S, Romanczuk-Seiferth N, Haddad L, Schweiger JI, Grimm O, Heinz A, Tost H, Meyer-Lindenberg A, Bassett DS",Proceedings of the National Academy of Sciences of the United States of America
6veWsh44GiCV-4Fzw9ejSB3P6,6veWsh44GiCV,4Fzw9ejSB3P6,n-back,n-back task,tbl0015,A cross-sectional and follow-up functional MRI study with a working memory task in adolescent anorexia nervosa,"Castro-Fornieles J, Caldu X, Andres-Perpina S, Lazaro L, Bargallo N, Falcon C, Plana MT, Junque C",Neuropsychologia
6veWsh44GiCV-4bzMaUuZcwg4,6veWsh44GiCV,4bzMaUuZcwg4,n-back,n-back task,tbl0010,A cross-sectional and follow-up functional MRI study with a working memory task in adolescent anorexia nervosa,"Castro-Fornieles J, Caldu X, Andres-Perpina S, Lazaro L, Bargallo N, Falcon C, Plana MT, Junque C",Neuropsychologia
6veWsh44GiCV-ptWzHvmGNbG5,6veWsh44GiCV,ptWzHvmGNbG5,n-back,n-back task,tbl0005,A cross-sectional and follow-up functional MRI study with a working memory task in adolescent anorexia nervosa,"Castro-Fornieles J, Caldu X, Andres-Perpina S, Lazaro L, Bargallo N, Falcon C, Plana MT, Junque C",Neuropsychologia
6w3THDoHqkKG-CvWReypuZ5oY,6w3THDoHqkKG,CvWReypuZ5oY,n-back,3-back working memory task,Right supramarginal gyrus,A gene−brain−cognition pathway for the effect of an Alzheimer׳s risk gene on working memory in young adults,Benson W. Stevens; Amanda Dibattista; G. Rebeck; Adam E. Green,Neuropsychologia
6w3THDoHqkKG-euGt9vWtohVv,6w3THDoHqkKG,euGt9vWtohVv,n-back,3-back working memory task,Left supramarginal gyrus,A gene−brain−cognition pathway for the effect of an Alzheimer׳s risk gene on working memory in young adults,Benson W. Stevens; Amanda Dibattista; G. Rebeck; Adam E. Green,Neuropsychologia
777PSEZXStpe-37Dv7j7sWj47,777PSEZXStpe,37Dv7j7sWj47,n-back,2-back working memory task,Table 1,Comparison of diffusion-weighted fMRI and BOLD fMRI responses in a verbal working memory task.,"Aso T, Urayama S, Fukuyama H, Le Bihan D",NeuroImage
7AWunGLMBdrs-5Pd6CkfUzw5M,7AWunGLMBdrs,5Pd6CkfUzw5M,n-back,1-back memory task,26698,Modulation of Neural Oscillatory Activity during Dynamic Face Processing.,"Foley E, Rippon G, Senior C",Journal of cognitive neuroscience
7AWunGLMBdrs-8GkdLmz8QBmw,7AWunGLMBdrs,8GkdLmz8QBmw,n-back,1-back memory task,26697,Modulation of Neural Oscillatory Activity during Dynamic Face Processing.,"Foley E, Rippon G, Senior C",Journal of cognitive neuroscience
7BJBgCgnGHxg-6CyKzaC2VGNW,7BJBgCgnGHxg,6CyKzaC2VGNW,n-back,Verbal 2-back Task,tbl1,Differential dorsolateral prefrontal cortex activation during a verbal n-back task according to sensory modality,"Rodriguez-Jimenez R, Avila C, Garcia-Navarro C, Bagney A, Aragon AM, Ventura-Campos N, Martinez-Gras I, Forn C, Ponce G, Rubio G, Jimenez-Arriero MA, Palomo T",Behavioural brain research
7BN5MapyrsrU-VvBT5ecbpg6B,7BN5MapyrsrU,VvBT5ecbpg6B,n-back,Verbal n-back task,Y > O,Age-related differences in cortical recruitment and suppression: implications for cognitive performance.,Ruchika Shaurya Prakash; Susie Heo; Michelle W Voss; Beth Patterson; Arthur F Kramer,Behavioural brain research
7BN5MapyrsrU-yDjuiwB5LQdP,7BN5MapyrsrU,yDjuiwB5LQdP,n-back,Verbal n-back task,Y > O-2,Age-related differences in cortical recruitment and suppression: implications for cognitive performance.,Ruchika Shaurya Prakash; Susie Heo; Michelle W Voss; Beth Patterson; Arthur F Kramer,Behavioural brain research
7EU7dEssEz3Z-8PJMWhkY7WQc,7EU7dEssEz3Z,8PJMWhkY7WQc,n-back,1-back Working Memory Task | 3-back Working Memory Task,T1,Individual Differences in Amygdala Activity Predict Response Speed during Working Memory,"Schaefer A, Braver TS, Reynolds JR, Burgess GC, Yarkoni T, Gray JR",The Journal of neuroscience : the official journal of the Society for Neuroscience
7EWtvvYkweKH-6FMNgP2qvMNh,7EWtvvYkweKH,6FMNgP2qvMNh,n-back,n-back working memory task,t0010,Hyper-coupling between working memory task-evoked activations and amplitude of spontaneous fluctuations in first-episode schizophrenia,"Zhou Y, Wang Z, Zuo XN, Zhang H, Wang Y, Jiang T, Liu Z",Schizophrenia research
7FeXAy2vgFYN-5XApQD7Nd4bP,7FeXAy2vgFYN,5XApQD7Nd4bP,n-back,n-back working memory task,28196,A scaffold for efficiency in the human brain.,"Burzynska AZ, Garrett DD, Preuschhof C, Nagel IE, Li SC, Backman L, Heekeren HR, Lindenberger U",The Journal of neuroscience : the official journal of the Society for Neuroscience
7GyGxFQngTw7-kq96A9G3FANd,7GyGxFQngTw7,kq96A9G3FANd,n-back,List Sort Task | n-back task,A. Latent Variable 1,Reduced modulation of BOLD variability as a function of cognitive load in healthy aging,J. Rieck; Brennan DeSouza; Giulia Baracchini; C. Grady,Neurobiology of Aging
7GyGxFQngTw7-vxWG2AnfP3R2,7GyGxFQngTw7,vxWG2AnfP3R2,n-back,List Sort Task | n-back task,B. Latent Variable 2,Reduced modulation of BOLD variability as a function of cognitive load in healthy aging,J. Rieck; Brennan DeSouza; Giulia Baracchini; C. Grady,Neurobiology of Aging
7HUJ2ahoxnGN-4xRCawxkNahu,7HUJ2ahoxnGN,4xRCawxkNahu,n-back,Stroop Task | N-Back Task,18236,A cognitive fMRI study in non-manifesting LRRK2 and GBA carriers.,"Bregman N, Thaler A, Mirelman A, Helmich RC, Gurevich T, Orr-Urtreger A, Marder K, Bressman S, Bloem BR, Giladi N",Brain structure & function
7HUJ2ahoxnGN-5AEYfPwiDJ4Q,7HUJ2ahoxnGN,5AEYfPwiDJ4Q,n-back,Stroop Task | N-Back Task,18235,A cognitive fMRI study in non-manifesting LRRK2 and GBA carriers.,"Bregman N, Thaler A, Mirelman A, Helmich RC, Gurevich T, Orr-Urtreger A, Marder K, Bressman S, Bloem BR, Giladi N",Brain structure & function
7JRMHLY9qSsf-LfUkaLWT9dSw,7JRMHLY9qSsf,LfUkaLWT9dSw,n-back,Oneback Identity Task | Oneback Semantic Task,tbl5,Selective activation around the left occipito‐temporal sulcus for words relative to pictures: Individual variability or false positives?,N. Wright; A. Mechelli; U. Noppeney; D. Veltman; S. Rombouts; Janice Glensman; J. Haynes; C. Price,Human Brain Mapping
7JRMHLY9qSsf-y8rEB23MVpXW,7JRMHLY9qSsf,y8rEB23MVpXW,n-back,Oneback Identity Task | Oneback Semantic Task,Written words > objects,Selective activation around the left occipito‐temporal sulcus for words relative to pictures: Individual variability or false positives?,N. Wright; A. Mechelli; U. Noppeney; D. Veltman; S. Rombouts; Janice Glensman; J. Haynes; C. Price,Human Brain Mapping
7JRMHLY9qSsf-zcMKSN3RfK99,7JRMHLY9qSsf,zcMKSN3RfK99,n-back,Oneback Identity Task | Oneback Semantic Task,Objects > written words,Selective activation around the left occipito‐temporal sulcus for words relative to pictures: Individual variability or false positives?,N. Wright; A. Mechelli; U. Noppeney; D. Veltman; S. Rombouts; Janice Glensman; J. Haynes; C. Price,Human Brain Mapping
7QUyCJRt8Sqk-5T8hBQ3xTvFo,7QUyCJRt8Sqk,5T8hBQ3xTvFo,n-back,1-back Task on Actions and Objects,26078,The neural selection and integration of actions and objects: an fMRI study.,"Yoon EY, Humphreys GW, Kumar S, Rotshtein P",Journal of cognitive neuroscience
7QUyCJRt8Sqk-5fEwDmDiR4am,7QUyCJRt8Sqk,5fEwDmDiR4am,n-back,1-back Task on Actions and Objects,26080,The neural selection and integration of actions and objects: an fMRI study.,"Yoon EY, Humphreys GW, Kumar S, Rotshtein P",Journal of cognitive neuroscience
7QUyCJRt8Sqk-T3Kjphe26W9j,7QUyCJRt8Sqk,T3Kjphe26W9j,n-back,1-back Task on Actions and Objects,26079,The neural selection and integration of actions and objects: an fMRI study.,"Yoon EY, Humphreys GW, Kumar S, Rotshtein P",Journal of cognitive neuroscience
7R97udZQEZM5-3dbUrGBbTb8D,7R97udZQEZM5,3dbUrGBbTb8D,n-back,2-back Working Memory Task,34518,Introducing co-activation pattern metrics to quantify spontaneous brain network dynamics.,"Chen JE, Chang C, Greicius MD, Glover GH",NeuroImage
7RWK36eHPNbU-5yzb2MfBcWou,7RWK36eHPNbU,5yzb2MfBcWou,n-back,One-back word memory task,t0015,Lateralized task shift effects in Broca's and Wernicke's regions and in visual word form area are selective for conceptual content and reflect trial history,"Mikkel Wallentin, Jákup Ludvík Dahl Michaelsen, Ian Rynne, Rasmus Høll Nielsen",NeuroImage
7RWK36eHPNbU-7MXBxHchr2oL,7RWK36eHPNbU,7MXBxHchr2oL,n-back,One-back word memory task,t0020,Lateralized task shift effects in Broca's and Wernicke's regions and in visual word form area are selective for conceptual content and reflect trial history,"Mikkel Wallentin, Jákup Ludvík Dahl Michaelsen, Ian Rynne, Rasmus Høll Nielsen",NeuroImage
7RWK36eHPNbU-7askgrxghRZ8,7RWK36eHPNbU,7askgrxghRZ8,n-back,One-back word memory task,t0005,Lateralized task shift effects in Broca's and Wernicke's regions and in visual word form area are selective for conceptual content and reflect trial history,"Mikkel Wallentin, Jákup Ludvík Dahl Michaelsen, Ian Rynne, Rasmus Høll Nielsen",NeuroImage
7RWK36eHPNbU-8EzUuJm3ahrZ,7RWK36eHPNbU,8EzUuJm3ahrZ,n-back,One-back word memory task,t0010,Lateralized task shift effects in Broca's and Wernicke's regions and in visual word form area are selective for conceptual content and reflect trial history,"Mikkel Wallentin, Jákup Ludvík Dahl Michaelsen, Ian Rynne, Rasmus Høll Nielsen",NeuroImage
7Rb4RwAWoVuR-4DbLZtDXuhAE,7Rb4RwAWoVuR,4DbLZtDXuhAE,n-back,n-Back Task,23442,Functional magnetic resonance imaging response to increased verbal working memory demands among patients with multiple sclerosis.,"Sweet LH, Rao SM, Primeau M, Durgerian S, Cohen RA",Human brain mapping
7SSN6kLEocWx-Fv6xWbMAKe9c,7SSN6kLEocWx,Fv6xWbMAKe9c,n-back,N-back working memory task,Local maxima of brain activation (2-Back– 0-Back): Group-by-time interaction.,"Hyperbaric oxygen therapy improves symptoms, brain’s microstructure and functionality in veterans with treatment resistant post-traumatic stress disorder: A prospective, randomized, controlled trial",Keren Doenyas-Barak; Merav Catalogna; Ilan Kutz; Gabriela Levi; A. Hadanny; S. Tal; Shir Daphna-Tekoha; E. Sasson; Yarden Shechter; S. Efrati,PLoS ONE
7SSN6kLEocWx-oAJxdRSCp4mz,7SSN6kLEocWx,oAJxdRSCp4mz,n-back,N-back working memory task,"Statistical parametric maps of the group-by-time interaction for the white matter FA (L left, R right, X, sagittal, Y, coronal, Z, axial, coordinates refers to Montreal Neurological Institute.","Hyperbaric oxygen therapy improves symptoms, brain’s microstructure and functionality in veterans with treatment resistant post-traumatic stress disorder: A prospective, randomized, controlled trial",Keren Doenyas-Barak; Merav Catalogna; Ilan Kutz; Gabriela Levi; A. Hadanny; S. Tal; Shir Daphna-Tekoha; E. Sasson; Yarden Shechter; S. Efrati,PLoS ONE
7TkFzSzmkgtL-6vyP4bYipYsu,7TkFzSzmkgtL,6vyP4bYipYsu,n-back,2-back working memory task,t0015,Altered working memory process in the manganese-exposed brain,"Chang Y, Lee JJ, Seo JH, Song HJ, Kim JH, Bae SJ, Ahn JH, Park SJ, Jeong KS, Kwon YJ, Kim SH, Kim Y",NeuroImage
7TkFzSzmkgtL-vZ7DSeBKLkQw,7TkFzSzmkgtL,vZ7DSeBKLkQw,n-back,2-back working memory task,t0020,Altered working memory process in the manganese-exposed brain,"Chang Y, Lee JJ, Seo JH, Song HJ, Kim JH, Bae SJ, Ahn JH, Park SJ, Jeong KS, Kwon YJ, Kim SH, Kim Y",NeuroImage
7XYZsfsmPHvd-7mWBQdD2ptmk,7XYZsfsmPHvd,7mWBQdD2ptmk,n-back,Visual and Auditory 2-back Task,28625,Sensory-Biased and Multiple-Demand Processing in Human Lateral Frontal Cortex.,"Noyce AL, Cestero N, Michalka SW, Shinn-Cunningham BG, Somers DC",The Journal of neuroscience : the official journal of the Society for Neuroscience
7XhTXBneeNRY-7y82C7fx34cf,7XhTXBneeNRY,7y82C7fx34cf,n-back,Facial Emotion Matching Task | N-Back Working Memory Task,Table 2,Amygdala habituation: A reliable fMRI phenotype.,"Plichta MM, Grimm O, Morgen K, Mier D, Sauer C, Haddad L, Tost H, Esslinger C, Kirsch P, Schwarz AJ, Meyer-Lindenberg A",NeuroImage
7aRVSAgS5Xhw-2P7KNDiq9Rgx,7aRVSAgS5Xhw,2P7KNDiq9Rgx,n-back,n-back Task,Face effects,Neural Correlates of Working Memory Maintenance in Advanced Aging: Evidence From fMRI,Maki Suzuki; Toshikazu Kawagoe; S. Nishiguchi; N. Abe; Y. Otsuka; R. Nakai; K. Asano; M. Yamada; S. Yoshikawa; K. Sekiyama,Frontiers in Aging Neuroscience
7aRVSAgS5Xhw-JwmRLGe5ZpPc,7aRVSAgS5Xhw,JwmRLGe5ZpPc,n-back,n-back Task,Face WM effects,Neural Correlates of Working Memory Maintenance in Advanced Aging: Evidence From fMRI,Maki Suzuki; Toshikazu Kawagoe; S. Nishiguchi; N. Abe; Y. Otsuka; R. Nakai; K. Asano; M. Yamada; S. Yoshikawa; K. Sekiyama,Frontiers in Aging Neuroscience
7aRVSAgS5Xhw-LgW4rXsoKtue,7aRVSAgS5Xhw,LgW4rXsoKtue,n-back,n-back Task,Young–old = Old–old-2,Neural Correlates of Working Memory Maintenance in Advanced Aging: Evidence From fMRI,Maki Suzuki; Toshikazu Kawagoe; S. Nishiguchi; N. Abe; Y. Otsuka; R. Nakai; K. Asano; M. Yamada; S. Yoshikawa; K. Sekiyama,Frontiers in Aging Neuroscience
7aRVSAgS5Xhw-NiJy98rtgz5Z,7aRVSAgS5Xhw,NiJy98rtgz5Z,n-back,n-back Task,Location effects,Neural Correlates of Working Memory Maintenance in Advanced Aging: Evidence From fMRI,Maki Suzuki; Toshikazu Kawagoe; S. Nishiguchi; N. Abe; Y. Otsuka; R. Nakai; K. Asano; M. Yamada; S. Yoshikawa; K. Sekiyama,Frontiers in Aging Neuroscience
7aRVSAgS5Xhw-VZsbN9Vgomsd,7aRVSAgS5Xhw,VZsbN9Vgomsd,n-back,n-back Task,Face WM effects-3,Neural Correlates of Working Memory Maintenance in Advanced Aging: Evidence From fMRI,Maki Suzuki; Toshikazu Kawagoe; S. Nishiguchi; N. Abe; Y. Otsuka; R. Nakai; K. Asano; M. Yamada; S. Yoshikawa; K. Sekiyama,Frontiers in Aging Neuroscience
7aRVSAgS5Xhw-nUc3cYVkNw9q,7aRVSAgS5Xhw,nUc3cYVkNw9q,n-back,n-back Task,Old–old > Young–old-2,Neural Correlates of Working Memory Maintenance in Advanced Aging: Evidence From fMRI,Maki Suzuki; Toshikazu Kawagoe; S. Nishiguchi; N. Abe; Y. Otsuka; R. Nakai; K. Asano; M. Yamada; S. Yoshikawa; K. Sekiyama,Frontiers in Aging Neuroscience
7aRVSAgS5Xhw-nbFMT9tyccGj,7aRVSAgS5Xhw,nbFMT9tyccGj,n-back,n-back Task,High-performing old–old > Young–old,Neural Correlates of Working Memory Maintenance in Advanced Aging: Evidence From fMRI,Maki Suzuki; Toshikazu Kawagoe; S. Nishiguchi; N. Abe; Y. Otsuka; R. Nakai; K. Asano; M. Yamada; S. Yoshikawa; K. Sekiyama,Frontiers in Aging Neuroscience
7aRVSAgS5Xhw-oiWsN8mZKyWW,7aRVSAgS5Xhw,oiWsN8mZKyWW,n-back,n-back Task,Location WM effects-3,Neural Correlates of Working Memory Maintenance in Advanced Aging: Evidence From fMRI,Maki Suzuki; Toshikazu Kawagoe; S. Nishiguchi; N. Abe; Y. Otsuka; R. Nakai; K. Asano; M. Yamada; S. Yoshikawa; K. Sekiyama,Frontiers in Aging Neuroscience
7ckqe9o9YREb-4qM6ULw9cqUG,7ckqe9o9YREb,4qM6ULw9cqUG,n-back,N-BACK task,t0015,Functional andconnectivity changes during working memory inHuntington’s disease: 18month longitudinal data from the IMAGE-HD study,"Georgiou-Karistianis N, Poudel GR, Dominguez D JF, Langmaid R, Gray MA, Churchyard A, Chua P, Borowsky B, Egan GF, Stout JC",Brain and cognition
7dPyMCb4eGuE-8JLKY8om3tYf,7dPyMCb4eGuE,8JLKY8om3tYf,n-back,N-back Task,T2,Relation of Reward from Food Intake and Anticipated Food Intake to Obesity: A Functional Magnetic Resonance Imaging Study,"Stice, Eric;Spoor, Sonja;Bohon, Cara;Veldhuizen, Marga G;Small, Dana M",Journal of abnormal psychology
7dPyMCb4eGuE-TaYUXJPfRwff,7dPyMCb4eGuE,TaYUXJPfRwff,n-back,N-back Task,T1,Relation of Reward from Food Intake and Anticipated Food Intake to Obesity: A Functional Magnetic Resonance Imaging Study,"Stice, Eric;Spoor, Sonja;Bohon, Cara;Veldhuizen, Marga G;Small, Dana M",Journal of abnormal psychology
7g2w88E67XGL-5NSezPMkvpuD,7g2w88E67XGL,5NSezPMkvpuD,n-back,3-back Working Memory Task,tbl0010,Are the carrot and the stick the two sides of same coin? A neural examination of approach/avoidance motivation during cognitive performance,"Belayachi S, Majerus S, Gendolla G, Salmon E, Peters F, Van der Linden M",Behavioural brain research
7g2w88E67XGL-6W6gYU5pqByt,7g2w88E67XGL,6W6gYU5pqByt,n-back,3-back Working Memory Task,tbl0015,Are the carrot and the stick the two sides of same coin? A neural examination of approach/avoidance motivation during cognitive performance,"Belayachi S, Majerus S, Gendolla G, Salmon E, Peters F, Van der Linden M",Behavioural brain research
7hNvQmrCexJs-3y2b6xLupPRL,7hNvQmrCexJs,3y2b6xLupPRL,n-back,n-back task,2-back>X-back,Noradrenaline transporter blockade increases fronto-parietal functional connectivity relevant for working memory,D. Hernaus; Marta Ma Casales Santa; Jan Stefan Offermann; T. Amelsvoort,European Neuropsychopharmacology
7hNvQmrCexJs-9Kcmb3pMTGbc,7hNvQmrCexJs,9Kcmb3pMTGbc,n-back,n-back task,3-back>X-back,Noradrenaline transporter blockade increases fronto-parietal functional connectivity relevant for working memory,D. Hernaus; Marta Ma Casales Santa; Jan Stefan Offermann; T. Amelsvoort,European Neuropsychopharmacology
7hNvQmrCexJs-GTUibHixVfpb,7hNvQmrCexJs,GTUibHixVfpb,n-back,n-back task,3-back>X-back-2,Noradrenaline transporter blockade increases fronto-parietal functional connectivity relevant for working memory,D. Hernaus; Marta Ma Casales Santa; Jan Stefan Offermann; T. Amelsvoort,European Neuropsychopharmacology
7htXgYWcC4bg-9egdNN6AZmjS,7htXgYWcC4bg,9egdNN6AZmjS,n-back,2-back working memory task,fMRI source,Multimodal analyses identify linked functional and white matter abnormalities within the working memory network in schizophrenia,G. Sugranyes; M. Kyriakopoulos; D. Dima; J. O’Muircheartaigh; R. Corrigall; Gabrielle Pendelbury; D. Hayes; V. Calhoun; S. Frangou,Schizophrenia Research
7htXgYWcC4bg-SuKL9ZVdiAvr,7htXgYWcC4bg,SuKL9ZVdiAvr,n-back,2-back working memory task,Unimodal DTI results,Multimodal analyses identify linked functional and white matter abnormalities within the working memory network in schizophrenia,G. Sugranyes; M. Kyriakopoulos; D. Dima; J. O’Muircheartaigh; R. Corrigall; Gabrielle Pendelbury; D. Hayes; V. Calhoun; S. Frangou,Schizophrenia Research
7htXgYWcC4bg-ZAcBX9GCuxX9,7htXgYWcC4bg,ZAcBX9GCuxX9,n-back,2-back working memory task,Unimodal fMRI results,Multimodal analyses identify linked functional and white matter abnormalities within the working memory network in schizophrenia,G. Sugranyes; M. Kyriakopoulos; D. Dima; J. O’Muircheartaigh; R. Corrigall; Gabrielle Pendelbury; D. Hayes; V. Calhoun; S. Frangou,Schizophrenia Research
7htXgYWcC4bg-kFwf6UGmc3ph,7htXgYWcC4bg,kFwf6UGmc3ph,n-back,2-back working memory task,DTI source,Multimodal analyses identify linked functional and white matter abnormalities within the working memory network in schizophrenia,G. Sugranyes; M. Kyriakopoulos; D. Dima; J. O’Muircheartaigh; R. Corrigall; Gabrielle Pendelbury; D. Hayes; V. Calhoun; S. Frangou,Schizophrenia Research
7jmKNsNR9wjk-3vQjAH9sSVZ5,7jmKNsNR9wjk,3vQjAH9sSVZ5,n-back,Digit N-back Task,tbl1,The neural basis of academic achievement motivation,"Mizuno K, Tanaka M, Ishii A, Tanabe HC, Onoe H, Sadato N, Watanabe Y",NeuroImage
7k98z8TPi3bV-DT97Dea3RQQ3,7k98z8TPi3bV,DT97Dea3RQQ3,n-back,Paced Auditory Serial Addition Test (PASAT) | Paced Visual Serial Addition Test (PVSAT) | n-Back Task,Significant ALE values for the contrast healthy > patients.,Altered likelihood of brain activation in attention and working memory networks in patients with multiple sclerosis: An ALE meta-analysis☆,K. Kollndorfer; J. Krajnik; R. Woitek; J. Freiherr; D. Prayer; V. Schöpf,Neuroscience and Biobehavioral Reviews
7k98z8TPi3bV-QKsEMJd9TsMJ,7k98z8TPi3bV,QKsEMJd9TsMJ,n-back,Paced Auditory Serial Addition Test (PASAT) | Paced Visual Serial Addition Test (PVSAT) | n-Back Task,tbl0015,Altered likelihood of brain activation in attention and working memory networks in patients with multiple sclerosis: An ALE meta-analysis☆,K. Kollndorfer; J. Krajnik; R. Woitek; J. Freiherr; D. Prayer; V. Schöpf,Neuroscience and Biobehavioral Reviews
7k98z8TPi3bV-pB9dVMUDf3bj,7k98z8TPi3bV,pB9dVMUDf3bj,n-back,Paced Auditory Serial Addition Test (PASAT) | Paced Visual Serial Addition Test (PVSAT) | n-Back Task,Significant ALE values for the contrast patients > healthy.,Altered likelihood of brain activation in attention and working memory networks in patients with multiple sclerosis: An ALE meta-analysis☆,K. Kollndorfer; J. Krajnik; R. Woitek; J. Freiherr; D. Prayer; V. Schöpf,Neuroscience and Biobehavioral Reviews
7k98z8TPi3bV-wKjpoBbxfUdZ,7k98z8TPi3bV,wKjpoBbxfUdZ,n-back,Paced Auditory Serial Addition Test (PASAT) | Paced Visual Serial Addition Test (PVSAT) | n-Back Task,Significant FDR corrected ALE values for healthy controls.,Altered likelihood of brain activation in attention and working memory networks in patients with multiple sclerosis: An ALE meta-analysis☆,K. Kollndorfer; J. Krajnik; R. Woitek; J. Freiherr; D. Prayer; V. Schöpf,Neuroscience and Biobehavioral Reviews
7kNqPxWSYwYy-3BS9uGjcJn2h,7kNqPxWSYwYy,3BS9uGjcJn2h,n-back,Sternberg Task | N-back Task,t0015,Involvement of the cerebellar cortex and nuclei in verbal and visuospatial working memory: A 7T fMRI study,"Thurling M, Hautzel H, Kuper M, Stefanescu MR, Maderwald S, Ladd ME, Timmann D",NeuroImage
7kNqPxWSYwYy-5BQhaZVzdNbg,7kNqPxWSYwYy,5BQhaZVzdNbg,n-back,Sternberg Task | N-back Task,t0025,Involvement of the cerebellar cortex and nuclei in verbal and visuospatial working memory: A 7T fMRI study,"Thurling M, Hautzel H, Kuper M, Stefanescu MR, Maderwald S, Ladd ME, Timmann D",NeuroImage
7kNqPxWSYwYy-5Sewfrh8Xx9G,7kNqPxWSYwYy,5Sewfrh8Xx9G,n-back,Sternberg Task | N-back Task,t0020,Involvement of the cerebellar cortex and nuclei in verbal and visuospatial working memory: A 7T fMRI study,"Thurling M, Hautzel H, Kuper M, Stefanescu MR, Maderwald S, Ladd ME, Timmann D",NeuroImage
7kNqPxWSYwYy-6WKY8v6yRftS,7kNqPxWSYwYy,6WKY8v6yRftS,n-back,Sternberg Task | N-back Task,t0035,Involvement of the cerebellar cortex and nuclei in verbal and visuospatial working memory: A 7T fMRI study,"Thurling M, Hautzel H, Kuper M, Stefanescu MR, Maderwald S, Ladd ME, Timmann D",NeuroImage
7kNqPxWSYwYy-8A8HziTXyjgC,7kNqPxWSYwYy,8A8HziTXyjgC,n-back,Sternberg Task | N-back Task,t0030,Involvement of the cerebellar cortex and nuclei in verbal and visuospatial working memory: A 7T fMRI study,"Thurling M, Hautzel H, Kuper M, Stefanescu MR, Maderwald S, Ladd ME, Timmann D",NeuroImage
7kNqPxWSYwYy-8Hjg3tmDpsX8,7kNqPxWSYwYy,8Hjg3tmDpsX8,n-back,Sternberg Task | N-back Task,t0010,Involvement of the cerebellar cortex and nuclei in verbal and visuospatial working memory: A 7T fMRI study,"Thurling M, Hautzel H, Kuper M, Stefanescu MR, Maderwald S, Ladd ME, Timmann D",NeuroImage
7kNqPxWSYwYy-Tsja8G54eiEK,7kNqPxWSYwYy,Tsja8G54eiEK,n-back,Sternberg Task | N-back Task,t0005,Involvement of the cerebellar cortex and nuclei in verbal and visuospatial working memory: A 7T fMRI study,"Thurling M, Hautzel H, Kuper M, Stefanescu MR, Maderwald S, Ladd ME, Timmann D",NeuroImage
7mbEffuXjzuw-oTKy6RzjAPee,7mbEffuXjzuw,oTKy6RzjAPee,n-back,N-Back Task,3,Genetic Variation of a DRD2 Co‐expression Network is Associated with Changes in Prefrontal Function After D2 Receptors Stimulation,P. Selvaggi; G. Pergola; B. Gelao; P. Di Carlo; M. Nettis; Graziella Amico; L. Fazio; A. Rampino; F. Sambataro; G. Blasi; A. Bertolino,Cerebral Cortex
7mdvWVVgyDM3-5HtGACUFosSk,7mdvWVVgyDM3,5HtGACUFosSk,n-back,n-back working memory task,t0015,Working memory in recurrent brief depression: An fMRI pilot study,"Korsnes MS, Lovdahl H, Andersson S, Bjornerud A, Due-Tonnesen P, Endestad T, Malt UF",Journal of affective disorders
7mdvWVVgyDM3-yzcchGiL8MD6,7mdvWVVgyDM3,yzcchGiL8MD6,n-back,n-back working memory task,t0010,Working memory in recurrent brief depression: An fMRI pilot study,"Korsnes MS, Lovdahl H, Andersson S, Bjornerud A, Due-Tonnesen P, Endestad T, Malt UF",Journal of affective disorders
7oKUH5DmvKmN-378hZD2YxfF6,7oKUH5DmvKmN,378hZD2YxfF6,n-back,n-back Task | Paced Auditory Addition Test (PASAT),(B) Trained Group (pre-training > follow-up) > Control Group (pre-training > follow-up),Locating neural transfer effects of n-back training on the central executive: a longitudinal fMRI study,A. Miró-Padilla; E. Bueichekú; C. Ávila,Scientific Reports
7oKUH5DmvKmN-JRXv4rdUoPdH,7oKUH5DmvKmN,JRXv4rdUoPdH,n-back,n-back Task | Paced Auditory Addition Test (PASAT),(A) Trained Group (pre-training > post-training) > Control Group (pre-training > post-training),Locating neural transfer effects of n-back training on the central executive: a longitudinal fMRI study,A. Miró-Padilla; E. Bueichekú; C. Ávila,Scientific Reports
7pQzyGBUz5t4-7YpFMZShHo9N,7pQzyGBUz5t4,7YpFMZShHo9N,n-back,N-back Working Memory Task,42034,"Hyperactivity of caudate, parahippocampal, and prefrontal regions during working  memory in never-medicated persons at clinical high-risk for psychosis.","Thermenos HW, Juelich RJ, DiChiara SR, Mesholam-Gately RI, Woodberry KA, Wojcik J, Makris N, Keshavan MS, Whitfield-Gabrieli S, Woo TU, Petryshen TL, Goldstein JM, Shenton ME, McCarley RW, Seidman LJ",Schizophrenia research
7q5e9NExJxoX-4pFJgfUjgLar,7q5e9NExJxoX,4pFJgfUjgLar,n-back,n-back task,T3,Persistent Differences in Patterns of Brain Activation after Sports-Related Concussion: A Longitudinal Functional Magnetic Resonance Imaging Study,"Dettwiler, Annegret;Murugavel, Murali;Putukian, Margot;Cubon, Valerie;Furtado, John;Osherson, Daniel",Journal of neurotrauma
7r4tCVbNF9Xu-3nnBFqHn8kfA,7r4tCVbNF9Xu,3nnBFqHn8kfA,n-back,Famous Faces n-back Task,T2,Goal-Congruent Default Network Activity Facilitates Cognitive Control,"Spreng RN, DuPre E, Selarka D, Garcia J, Gojkovic S, Mildner J, Luh WM, Turner GR",The Journal of neuroscience : the official journal of the Society for Neuroscience
7r4tCVbNF9Xu-5YxK92i7fjLh,7r4tCVbNF9Xu,5YxK92i7fjLh,n-back,Famous Faces n-back Task,T1,Goal-Congruent Default Network Activity Facilitates Cognitive Control,"Spreng RN, DuPre E, Selarka D, Garcia J, Gojkovic S, Mildner J, Luh WM, Turner GR",The Journal of neuroscience : the official journal of the Society for Neuroscience
7r4tCVbNF9Xu-6ZWziu3bgzrb,7r4tCVbNF9Xu,6ZWziu3bgzrb,n-back,Famous Faces n-back Task,T3,Goal-Congruent Default Network Activity Facilitates Cognitive Control,"Spreng RN, DuPre E, Selarka D, Garcia J, Gojkovic S, Mildner J, Luh WM, Turner GR",The Journal of neuroscience : the official journal of the Society for Neuroscience
7ucEvwSRSmGF-7G2JXjV4px9v,7ucEvwSRSmGF,7G2JXjV4px9v,n-back,n-back working memory task,tbl1,Background MR gradient noise and non-auditory BOLD activations: A data-driven perspective,"Haller S, Homola GA, Scheffler K, Beckmann CF, Bartsch AJ",Brain research
7vAUSWdayGeL-5arSMUUGQnfN,7vAUSWdayGeL,5arSMUUGQnfN,n-back,"Sustained Attention Task (Visual Psychomotor Vigilance Task, PVT) | Working Memory Task (Auditory N-Back Task)",42940,Seasonality in human cognitive brain responses.,"Meyer C, Muto V, Jaspar M, Kusse C, Lambot E, Chellappa SL, Degueldre C, Balteau E, Luxen A, Middleton B, Archer SN, Collette F, Dijk DJ, Phillips C, Maquet P, Vandewalle G",Proceedings of the National Academy of Sciences of the United States of America
7vAUSWdayGeL-73kpapCPmBrE,7vAUSWdayGeL,73kpapCPmBrE,n-back,"Sustained Attention Task (Visual Psychomotor Vigilance Task, PVT) | Working Memory Task (Auditory N-Back Task)",42941,Seasonality in human cognitive brain responses.,"Meyer C, Muto V, Jaspar M, Kusse C, Lambot E, Chellappa SL, Degueldre C, Balteau E, Luxen A, Middleton B, Archer SN, Collette F, Dijk DJ, Phillips C, Maquet P, Vandewalle G",Proceedings of the National Academy of Sciences of the United States of America
7vFYkpuLtxM8-ShF3SAnwc4LB,7vFYkpuLtxM8,ShF3SAnwc4LB,n-back,n-back working memory task,2-back − 0-back,Fronto-striatal effective connectivity of working memory in adults with cannabis use disorder,Liangsuo Ma; J. Steinberg; J. Bjork; L. Keyser-Marcus; J. Vassileva; Min-zhen Zhu; Venkatesh Ganapathy; Qin Wang; E. Boone; S. Ferré; W. Bickel; F. Gerard Moeller,Psychiatry Research: Neuroimaging
7vPvkj4trdhN-4WcC5HJiVky4,7vPvkj4trdhN,4WcC5HJiVky4,n-back,N-back Task,tbl2,Impact of the COMT Val108/158Met and DAT genotypes on prefrontal function in healthy subjects,"Caldu X, Vendrell P, Bartres-Faz D, Clemente I, Bargallo N, Jurado MA, Serra-Grabulosa JM, Junque C",NeuroImage
7wwHAUz8mJaP-4Nr94EGz7huC,7wwHAUz8mJaP,4Nr94EGz7huC,n-back,n-back working memory task,tbl2,Effects of chewing in working memory processing,"Hirano Y, Obata T, Kashikura K, Nonaka H, Tachibana A, Ikehira H, Onozuka M",Neuroscience letters
7wwHAUz8mJaP-gFiAVJzKqH2H,7wwHAUz8mJaP,gFiAVJzKqH2H,n-back,n-back working memory task,tbl1,Effects of chewing in working memory processing,"Hirano Y, Obata T, Kashikura K, Nonaka H, Tachibana A, Ikehira H, Onozuka M",Neuroscience letters
7xvZAUTNEK6V-5tjCckpBVFqd,7xvZAUTNEK6V,5tjCckpBVFqd,n-back,Visuospatial Working Memory Task (2-back),tbl4,Structural and functional neural correlates of visuospatial information processing in normal aging and amnestic mild cognitive impairment,"Alichniewicz KK, Brunner F, Klunemann HH, Greenlee MW",Neurobiology of aging
7xvZAUTNEK6V-7idjRBE7L5XU,7xvZAUTNEK6V,7idjRBE7L5XU,n-back,Visuospatial Working Memory Task (2-back),tbl5,Structural and functional neural correlates of visuospatial information processing in normal aging and amnestic mild cognitive impairment,"Alichniewicz KK, Brunner F, Klunemann HH, Greenlee MW",Neurobiology of aging
7xvZAUTNEK6V-8MUYyWijUmTT,7xvZAUTNEK6V,8MUYyWijUmTT,n-back,Visuospatial Working Memory Task (2-back),tbl6,Structural and functional neural correlates of visuospatial information processing in normal aging and amnestic mild cognitive impairment,"Alichniewicz KK, Brunner F, Klunemann HH, Greenlee MW",Neurobiology of aging
7zFNJymhFTJ2-7tcwU8xyqMzn,7zFNJymhFTJ2,7tcwU8xyqMzn,n-back,2-back Task,t0010,Right parietal hypoactivation in a cocaine-dependent group during a verbal working memory task,"Bustamante JC, Barros-Loscertales A, Ventura-Campos N, Sanjuan A, Llopis JJ, Parcet MA, Avila C",Brain research
82Lbp4mkSMMw-GfNt9N4kqQ6k,82Lbp4mkSMMw,GfNt9N4kqQ6k,n-back,Alertness Task | n-back Task,Patients-2,Altered functional adaptation to attention and working memory tasks with increasing complexity in relapsing‐remitting multiple sclerosis patients,M. Amann; Lea Sybil Dössegger; I. Penner; J. Hirsch; C. Raselli; P. Calabrese; K. Weier; E. Radü; L. Kappos; A. Gass,Human Brain Mapping
82Lbp4mkSMMw-M258SZRF98yT,82Lbp4mkSMMw,M258SZRF98yT,n-back,Alertness Task | n-back Task,Patients,Altered functional adaptation to attention and working memory tasks with increasing complexity in relapsing‐remitting multiple sclerosis patients,M. Amann; Lea Sybil Dössegger; I. Penner; J. Hirsch; C. Raselli; P. Calabrese; K. Weier; E. Radü; L. Kappos; A. Gass,Human Brain Mapping
82Lbp4mkSMMw-MTBjUgFvMtij,82Lbp4mkSMMw,MTBjUgFvMtij,n-back,Alertness Task | n-back Task,Talairach Coordinates,Altered functional adaptation to attention and working memory tasks with increasing complexity in relapsing‐remitting multiple sclerosis patients,M. Amann; Lea Sybil Dössegger; I. Penner; J. Hirsch; C. Raselli; P. Calabrese; K. Weier; E. Radü; L. Kappos; A. Gass,Human Brain Mapping
82Lbp4mkSMMw-MpbqU8YN3UhP,82Lbp4mkSMMw,MpbqU8YN3UhP,n-back,Alertness Task | n-back Task,Patients-3,Altered functional adaptation to attention and working memory tasks with increasing complexity in relapsing‐remitting multiple sclerosis patients,M. Amann; Lea Sybil Dössegger; I. Penner; J. Hirsch; C. Raselli; P. Calabrese; K. Weier; E. Radü; L. Kappos; A. Gass,Human Brain Mapping
82Lbp4mkSMMw-NVtWcHpaLand,82Lbp4mkSMMw,NVtWcHpaLand,n-back,Alertness Task | n-back Task,1-back,Altered functional adaptation to attention and working memory tasks with increasing complexity in relapsing‐remitting multiple sclerosis patients,M. Amann; Lea Sybil Dössegger; I. Penner; J. Hirsch; C. Raselli; P. Calabrese; K. Weier; E. Radü; L. Kappos; A. Gass,Human Brain Mapping
82Lbp4mkSMMw-ZQpCMybnSZ9g,82Lbp4mkSMMw,ZQpCMybnSZ9g,n-back,Alertness Task | n-back Task,Alertness,Altered functional adaptation to attention and working memory tasks with increasing complexity in relapsing‐remitting multiple sclerosis patients,M. Amann; Lea Sybil Dössegger; I. Penner; J. Hirsch; C. Raselli; P. Calabrese; K. Weier; E. Radü; L. Kappos; A. Gass,Human Brain Mapping
82Lbp4mkSMMw-c7g4Bx23upRB,82Lbp4mkSMMw,c7g4Bx23upRB,n-back,Alertness Task | n-back Task,Controls-2,Altered functional adaptation to attention and working memory tasks with increasing complexity in relapsing‐remitting multiple sclerosis patients,M. Amann; Lea Sybil Dössegger; I. Penner; J. Hirsch; C. Raselli; P. Calabrese; K. Weier; E. Radü; L. Kappos; A. Gass,Human Brain Mapping
82Lbp4mkSMMw-cwpwibqHp6Ex,82Lbp4mkSMMw,cwpwibqHp6Ex,n-back,Alertness Task | n-back Task,Controls,Altered functional adaptation to attention and working memory tasks with increasing complexity in relapsing‐remitting multiple sclerosis patients,M. Amann; Lea Sybil Dössegger; I. Penner; J. Hirsch; C. Raselli; P. Calabrese; K. Weier; E. Radü; L. Kappos; A. Gass,Human Brain Mapping
82Lbp4mkSMMw-ebXRYuWHSFyQ,82Lbp4mkSMMw,ebXRYuWHSFyQ,n-back,Alertness Task | n-back Task,3-back,Altered functional adaptation to attention and working memory tasks with increasing complexity in relapsing‐remitting multiple sclerosis patients,M. Amann; Lea Sybil Dössegger; I. Penner; J. Hirsch; C. Raselli; P. Calabrese; K. Weier; E. Radü; L. Kappos; A. Gass,Human Brain Mapping
82Lbp4mkSMMw-hKLsb8tmdL5w,82Lbp4mkSMMw,hKLsb8tmdL5w,n-back,Alertness Task | n-back Task,2-back,Altered functional adaptation to attention and working memory tasks with increasing complexity in relapsing‐remitting multiple sclerosis patients,M. Amann; Lea Sybil Dössegger; I. Penner; J. Hirsch; C. Raselli; P. Calabrese; K. Weier; E. Radü; L. Kappos; A. Gass,Human Brain Mapping
82Lbp4mkSMMw-sHzt9qDorGPR,82Lbp4mkSMMw,sHzt9qDorGPR,n-back,Alertness Task | n-back Task,Controls-3,Altered functional adaptation to attention and working memory tasks with increasing complexity in relapsing‐remitting multiple sclerosis patients,M. Amann; Lea Sybil Dössegger; I. Penner; J. Hirsch; C. Raselli; P. Calabrese; K. Weier; E. Radü; L. Kappos; A. Gass,Human Brain Mapping
82eMdXNGvbA5-6fECpXpqRGqS,82eMdXNGvbA5,6fECpXpqRGqS,n-back,2-back working memory task,tbl2,Spatial maps in frontal and prefrontal cortex,"Hagler DJ Jr, Sereno MI",NeuroImage
84uPJReRVYY4-68SMEkLuARGc,84uPJReRVYY4,68SMEkLuARGc,n-back,N-back Task,41631,Green tea extract enhances parieto-frontal connectivity during working memory processing.,"Schmidt A, Hammann F, Wolnerhanssen B, Meyer-Gerspach AC, Drewe J, Beglinger C, Borgwardt S",Psychopharmacology
8678aKxSBHsw-7ntLfzfEemBr,8678aKxSBHsw,7ntLfzfEemBr,n-back,n-back task,tbl2,Cognitive control and brain resources in major depression: An fMRI study using then-back task,"Harvey PO, Fossati P, Pochon JB, Levy R, Lebastard G, Lehericy S, Allilaire JF, Dubois B",NeuroImage
87NuWdZYZDqf-75W7L58ELSH6,87NuWdZYZDqf,75W7L58ELSH6,n-back,Two-back Test | Wisconsin Card-Sorting Test (WCST) | Switching Task,t0010,Long-term use of psychedelic drugs is associated with differences in brain structure and personality in humans,"Bouso JC, Palhano-Fontes F, Rodriguez-Fornells A, Ribeiro S, Sanches R, Crippa JA, Hallak JE, de Araujo DB, Riba J",European neuropsychopharmacology : the journal of the European College of Neuropsychopharmacology
896rdwvKf2hV-6dYw9KY5zdDW,896rdwvKf2hV,6dYw9KY5zdDW,n-back,n-back Working Memory Task,18515,"Interindividual differences in functional interactions among prefrontal, parietal and parahippocampal regions during working memory.","Glabus MF, Horwitz B, Holt JL, Kohn PD, Gerton BK, Callicott JH, Meyer-Lindenberg A, Berman KF","Cerebral cortex (New York, N.Y. : 1991)"
8FNgE4VKJyzS-XnyV5S5m9yLC,8FNgE4VKJyzS,XnyV5S5m9yLC,n-back,n-back task,Scopolamine > placebo,Cholinergic blockade under working memory demands encountered by increased rehearsal strategies: evidence from fMRI in healthy subjects,Bianca Voss; R. Thienel; M. Reske; T. Kellermann; A. Sheldrick; Sarah Halfter; Katrin Radenbach; N. Shah; U. Habel; T. Kircher,European Archives of Psychiatry and Clinical Neuroscience
8FNgE4VKJyzS-zrjFwYGovXbh,8FNgE4VKJyzS,zrjFwYGovXbh,n-back,n-back task,Placebo > scopolamine,Cholinergic blockade under working memory demands encountered by increased rehearsal strategies: evidence from fMRI in healthy subjects,Bianca Voss; R. Thienel; M. Reske; T. Kellermann; A. Sheldrick; Sarah Halfter; Katrin Radenbach; N. Shah; U. Habel; T. Kircher,European Archives of Psychiatry and Clinical Neuroscience
8GPuWK9HfvRU-8Cbv36Hrptza,8GPuWK9HfvRU,8Cbv36Hrptza,n-back,One-back task in a virtual environment,28498,The Human Retrosplenial Cortex and Thalamus Code Head Direction in a Global Reference Frame.,"Shine JP, Valdes-Herrera JP, Hegarty M, Wolbers T",The Journal of neuroscience : the official journal of the Society for Neuroscience
8H69E3cpRfsJ-4CdCJW4pjaGB,8H69E3cpRfsJ,4CdCJW4pjaGB,n-back,Spatial n-back working memory task,25497,The lateral and ventromedial prefrontal cortex work as a dynamic integrated system: evidence from FMRI connectivity analysis.,"Longe O, Senior C, Rippon G",Journal of cognitive neuroscience
8H69E3cpRfsJ-5bbDsjm3Yssu,8H69E3cpRfsJ,5bbDsjm3Yssu,n-back,Spatial n-back working memory task,25496,The lateral and ventromedial prefrontal cortex work as a dynamic integrated system: evidence from FMRI connectivity analysis.,"Longe O, Senior C, Rippon G",Journal of cognitive neuroscience
8H69E3cpRfsJ-6FYotK7M4Nyx,8H69E3cpRfsJ,6FYotK7M4Nyx,n-back,Spatial n-back working memory task,25495,The lateral and ventromedial prefrontal cortex work as a dynamic integrated system: evidence from FMRI connectivity analysis.,"Longe O, Senior C, Rippon G",Journal of cognitive neuroscience
8H69E3cpRfsJ-6YrqMqmiejvj,8H69E3cpRfsJ,6YrqMqmiejvj,n-back,Spatial n-back working memory task,25499,The lateral and ventromedial prefrontal cortex work as a dynamic integrated system: evidence from FMRI connectivity analysis.,"Longe O, Senior C, Rippon G",Journal of cognitive neuroscience
8H69E3cpRfsJ-8FRb4VUX33hB,8H69E3cpRfsJ,8FRb4VUX33hB,n-back,Spatial n-back working memory task,25498,The lateral and ventromedial prefrontal cortex work as a dynamic integrated system: evidence from FMRI connectivity analysis.,"Longe O, Senior C, Rippon G",Journal of cognitive neuroscience
8KxpRb2ZrtQ5-3grxohdmAzNM,8KxpRb2ZrtQ5,3grxohdmAzNM,n-back,n-back task,t0010,Cognitive and neural correlates of the 5-repeat allele of the dopamine D4 receptor gene in a population lacking the 7-repeat allele,"Takeuchi H, Tomita H, Taki Y, Kikuchi Y, Ono C, Yu Z, Sekiguchi A, Nouchi R, Kotozaki Y, Nakagawa S, Miyauchi CM, Iizuka K, Yokoyama R, Shinada T, Yamamoto Y, Hanawa S, Araki T, Hashizume H, Kunitoki K, Sassa Y, Kawashima R",NeuroImage
8KxpRb2ZrtQ5-6RZtGCEFYoKU,8KxpRb2ZrtQ5,6RZtGCEFYoKU,n-back,n-back task,t0020,Cognitive and neural correlates of the 5-repeat allele of the dopamine D4 receptor gene in a population lacking the 7-repeat allele,"Takeuchi H, Tomita H, Taki Y, Kikuchi Y, Ono C, Yu Z, Sekiguchi A, Nouchi R, Kotozaki Y, Nakagawa S, Miyauchi CM, Iizuka K, Yokoyama R, Shinada T, Yamamoto Y, Hanawa S, Araki T, Hashizume H, Kunitoki K, Sassa Y, Kawashima R",NeuroImage
8LphjvLKSnV9-44NiDkNEMTd6,8LphjvLKSnV9,44NiDkNEMTd6,n-back,n-back task,tbl3,Neurofunctional correlates of personality traits in relapsing-remitting multiple sclerosis: An fMRI study,"Gioia MC, Cerasa A, Valentino P, Fera F, Nistico R, Liguori M, Lanza P, Quattrone A",Brain and cognition
8LphjvLKSnV9-7cKWdbRWmNEb,8LphjvLKSnV9,7cKWdbRWmNEb,n-back,n-back task,tbl2,Neurofunctional correlates of personality traits in relapsing-remitting multiple sclerosis: An fMRI study,"Gioia MC, Cerasa A, Valentino P, Fera F, Nistico R, Liguori M, Lanza P, Quattrone A",Brain and cognition
8mhmd4KJvs8G-HAuL6uEjXcvV,8mhmd4KJvs8G,HAuL6uEjXcvV,n-back,N-BACK task,Pre-HD > controls (1-BACK),Functional changes during working memory in Huntington’s disease: 30-month longitudinal data from the IMAGE-HD study,G. Poudel; J. Stout; J. Domínguez D.; M. Gray; Louisa Salmon; A. Churchyard; P. Chua; B. Borowsky; G. Egan; N. Georgiou‐Karistianis,Brain Structure and Function
8mhmd4KJvs8G-KtARLdyN8K6k,8mhmd4KJvs8G,KtARLdyN8K6k,n-back,N-BACK task,Pre-HD > controls (2-BACK),Functional changes during working memory in Huntington’s disease: 30-month longitudinal data from the IMAGE-HD study,G. Poudel; J. Stout; J. Domínguez D.; M. Gray; Louisa Salmon; A. Churchyard; P. Chua; B. Borowsky; G. Egan; N. Georgiou‐Karistianis,Brain Structure and Function
8nX9KFkVw45k-RwKkv5KBCRuq,8nX9KFkVw45k,RwKkv5KBCRuq,n-back,3-back working memory task,3-back > 0-back: negative correlation with post-chemotherapy interval,Alterations in brain structure and function in breast cancer survivors: effect of post-chemotherapy interval and relation to oxidative DNA damage,S. Conroy; B. McDonald; Dori J. Smith; Lyndsi R. Moser; John D. West; L. Kamendulis; J. Klaunig; V. Champion; F. Unverzagt; A. Saykin,Breast Cancer Research and Treatment
8nX9KFkVw45k-VrKNsY2wm2R2,8nX9KFkVw45k,VrKNsY2wm2R2,n-back,3-back working memory task,VBM: positive correlation with post-chemotherapy interval,Alterations in brain structure and function in breast cancer survivors: effect of post-chemotherapy interval and relation to oxidative DNA damage,S. Conroy; B. McDonald; Dori J. Smith; Lyndsi R. Moser; John D. West; L. Kamendulis; J. Klaunig; V. Champion; F. Unverzagt; A. Saykin,Breast Cancer Research and Treatment
8nX9KFkVw45k-v66WiASY6fcL,8nX9KFkVw45k,v66WiASY6fcL,n-back,3-back working memory task,VBM: Healthy control > Breast cancer survivor,Alterations in brain structure and function in breast cancer survivors: effect of post-chemotherapy interval and relation to oxidative DNA damage,S. Conroy; B. McDonald; Dori J. Smith; Lyndsi R. Moser; John D. West; L. Kamendulis; J. Klaunig; V. Champion; F. Unverzagt; A. Saykin,Breast Cancer Research and Treatment
8nX9KFkVw45k-yNVmaLWGxuzh,8nX9KFkVw45k,yNVmaLWGxuzh,n-back,3-back working memory task,3-back > 0-back: Healthy control > Breast cancer survivor,Alterations in brain structure and function in breast cancer survivors: effect of post-chemotherapy interval and relation to oxidative DNA damage,S. Conroy; B. McDonald; Dori J. Smith; Lyndsi R. Moser; John D. West; L. Kamendulis; J. Klaunig; V. Champion; F. Unverzagt; A. Saykin,Breast Cancer Research and Treatment
8qU4udzTztGv-YMKEM27PDyPg,8qU4udzTztGv,YMKEM27PDyPg,n-back,n-back working memory task,18899,fMRI investigation of working memory for faces in autism: visual coding and underconnectivity with frontal areas.,"Koshino H, Kana RK, Keller TA, Cherkassky VL, Minshew NJ, Just MA","Cerebral cortex (New York, N.Y. : 1991)"
8qU4udzTztGv-oij63QyCvMRA,8qU4udzTztGv,oij63QyCvMRA,n-back,n-back working memory task,18900,fMRI investigation of working memory for faces in autism: visual coding and underconnectivity with frontal areas.,"Koshino H, Kana RK, Keller TA, Cherkassky VL, Minshew NJ, Just MA","Cerebral cortex (New York, N.Y. : 1991)"
8wcR6B8iVdoC-rew5qriQZB4u,8wcR6B8iVdoC,rew5qriQZB4u,n-back,N-Back Task,t1,Effects of in-Scanner Bilateral Frontal tDCS on Functional Connectivity of the Working Memory Network in Older Adults,N. Nissim; A. O'Shea; A. Indahlastari; Rachel Telles; Lindsey Richards; E. Porges; R. Cohen; A. Woods,Frontiers in Aging Neuroscience
96Ldy7ax8bSq-354vfuD639oE,96Ldy7ax8bSq,354vfuD639oE,n-back,N-back working memory task,Interaction YoE × WMH,White matter hyperintensities and cognitive reserve during a working memory task: a functional magnetic resonance imaging study in cognitively normal older adults,Sara Fernández-Cabello; C. Valls-Pedret; Matthias Schurz; Dídac Vidal-Piñeiro; R. Sala‐Llonch; N. Bargalló; E. Ros; D. Bartrés-Faz,Neurobiology of Aging
96Ldy7ax8bSq-8nLD26zqMoih,96Ldy7ax8bSq,8nLD26zqMoih,n-back,N-back working memory task,Main effect of YoE (high education > low education),White matter hyperintensities and cognitive reserve during a working memory task: a functional magnetic resonance imaging study in cognitively normal older adults,Sara Fernández-Cabello; C. Valls-Pedret; Matthias Schurz; Dídac Vidal-Piñeiro; R. Sala‐Llonch; N. Bargalló; E. Ros; D. Bartrés-Faz,Neurobiology of Aging
96Ldy7ax8bSq-vSC5yUDgE8D9,96Ldy7ax8bSq,vSC5yUDgE8D9,n-back,N-back working memory task,Conjunction analysis (areas that showed an interaction of YoE × WMH and were active in the young cognitive load network),White matter hyperintensities and cognitive reserve during a working memory task: a functional magnetic resonance imaging study in cognitively normal older adults,Sara Fernández-Cabello; C. Valls-Pedret; Matthias Schurz; Dídac Vidal-Piñeiro; R. Sala‐Llonch; N. Bargalló; E. Ros; D. Bartrés-Faz,Neurobiology of Aging
97du4hvqGZUL-RWAXjm62TVMa,97du4hvqGZUL,RWAXjm62TVMa,n-back,1-back task,Typical readers,Adult dyslexic readers benefit less from visual input during audiovisual speech processing: fMRI evidence,A. Francisco; A. Takashima; J. McQueen; M. Bunt; Alexandra Jesse; Margriet A. Groen,Neuropsychologia
97du4hvqGZUL-hb7zh39Lg3NY,97du4hvqGZUL,hb7zh39Lg3NY,n-back,1-back task,Typical readers-3,Adult dyslexic readers benefit less from visual input during audiovisual speech processing: fMRI evidence,A. Francisco; A. Takashima; J. McQueen; M. Bunt; Alexandra Jesse; Margriet A. Groen,Neuropsychologia
97du4hvqGZUL-how8QuSksqKo,97du4hvqGZUL,how8QuSksqKo,n-back,1-back task,Dyslexic readers-2,Adult dyslexic readers benefit less from visual input during audiovisual speech processing: fMRI evidence,A. Francisco; A. Takashima; J. McQueen; M. Bunt; Alexandra Jesse; Margriet A. Groen,Neuropsychologia
97du4hvqGZUL-nQNHLyzXdjdq,97du4hvqGZUL,nQNHLyzXdjdq,n-back,1-back task,Typical readers-2,Adult dyslexic readers benefit less from visual input during audiovisual speech processing: fMRI evidence,A. Francisco; A. Takashima; J. McQueen; M. Bunt; Alexandra Jesse; Margriet A. Groen,Neuropsychologia
97du4hvqGZUL-ndPnDWkuVtUy,97du4hvqGZUL,ndPnDWkuVtUy,n-back,1-back task,Dyslexic readers,Adult dyslexic readers benefit less from visual input during audiovisual speech processing: fMRI evidence,A. Francisco; A. Takashima; J. McQueen; M. Bunt; Alexandra Jesse; Margriet A. Groen,Neuropsychologia
97du4hvqGZUL-rdBvHeLdwej3,97du4hvqGZUL,rdBvHeLdwej3,n-back,1-back task,Dyslexic readers-3,Adult dyslexic readers benefit less from visual input during audiovisual speech processing: fMRI evidence,A. Francisco; A. Takashima; J. McQueen; M. Bunt; Alexandra Jesse; Margriet A. Groen,Neuropsychologia
9DhmSzHkt9eM-YD766aGvbFp5,9DhmSzHkt9eM,YD766aGvbFp5,n-back,One-Back Working Memory Task | Classification Learning Task,Region of interest labels and coordinates in MNI space of the FSL Atlas (CONN default).,Short-Term Classification Learning Promotes Rapid Global Improvements of Information Processing in Human Brain Functional Connectome,A. Zippo; I. Castiglioni; Jianyi Lin; V. Borsa; M. Valente; G. Biella,Frontiers in Human Neuroscience
9G7a3gJuvYjt-t5cqrKUoCx7o,9G7a3gJuvYjt,t5cqrKUoCx7o,n-back,N-back working memory task,43190,Altered segregation between task-positive and task-negative regions in mild traumatic brain injury.,"Sours C, Kinnison J, Padmala S, Gullapalli RP, Pessoa L",Brain imaging and behavior
9SfcXzz6Df2h-4MannyR6YBzE,9SfcXzz6Df2h,4MannyR6YBzE,n-back,Verbal 1-back Task,YOGA<PE,"Comparing cognition, coping skills and vedic personality of individuals practicing yoga, physical exercise or sedentary lifestyle: a cross-sectional fMRI study",H. Kaur; Shefali Chaudhary; Sriloy Mohanty; G. Sharma; S. Kumaran; N. Ghati; R. Bhatia; A. Nehra; R. Pandey,Integrative Medicine Research
9SfcXzz6Df2h-6EUT7ijwMwyt,9SfcXzz6Df2h,6EUT7ijwMwyt,n-back,Verbal 1-back Task,Seed: Dorsal attention IPS (Inferior parietal sulcus) (Right),"Comparing cognition, coping skills and vedic personality of individuals practicing yoga, physical exercise or sedentary lifestyle: a cross-sectional fMRI study",H. Kaur; Shefali Chaudhary; Sriloy Mohanty; G. Sharma; S. Kumaran; N. Ghati; R. Bhatia; A. Nehra; R. Pandey,Integrative Medicine Research
9SfcXzz6Df2h-CcZMYJcLDqJG,9SfcXzz6Df2h,CcZMYJcLDqJG,n-back,Verbal 1-back Task,Seed: Dorsal attention IPS (Inferior parietal sulcus) (Right)-2,"Comparing cognition, coping skills and vedic personality of individuals practicing yoga, physical exercise or sedentary lifestyle: a cross-sectional fMRI study",H. Kaur; Shefali Chaudhary; Sriloy Mohanty; G. Sharma; S. Kumaran; N. Ghati; R. Bhatia; A. Nehra; R. Pandey,Integrative Medicine Research
9SfcXzz6Df2h-N4rSpe32QcVC,9SfcXzz6Df2h,N4rSpe32QcVC,n-back,Verbal 1-back Task,Seed: Fronto parietal PPC (Posterior parietal cortex) (Left),"Comparing cognition, coping skills and vedic personality of individuals practicing yoga, physical exercise or sedentary lifestyle: a cross-sectional fMRI study",H. Kaur; Shefali Chaudhary; Sriloy Mohanty; G. Sharma; S. Kumaran; N. Ghati; R. Bhatia; A. Nehra; R. Pandey,Integrative Medicine Research
9SfcXzz6Df2h-ND3yqMX5uKnw,9SfcXzz6Df2h,ND3yqMX5uKnw,n-back,Verbal 1-back Task,Seed: Dorsal attention FEF (Frontal eye field) (Right),"Comparing cognition, coping skills and vedic personality of individuals practicing yoga, physical exercise or sedentary lifestyle: a cross-sectional fMRI study",H. Kaur; Shefali Chaudhary; Sriloy Mohanty; G. Sharma; S. Kumaran; N. Ghati; R. Bhatia; A. Nehra; R. Pandey,Integrative Medicine Research
9SfcXzz6Df2h-NacswVGmDYiW,9SfcXzz6Df2h,NacswVGmDYiW,n-back,Verbal 1-back Task,YOGA>SED,"Comparing cognition, coping skills and vedic personality of individuals practicing yoga, physical exercise or sedentary lifestyle: a cross-sectional fMRI study",H. Kaur; Shefali Chaudhary; Sriloy Mohanty; G. Sharma; S. Kumaran; N. Ghati; R. Bhatia; A. Nehra; R. Pandey,Integrative Medicine Research
9SfcXzz6Df2h-QFGXV3rVpDPs,9SfcXzz6Df2h,QFGXV3rVpDPs,n-back,Verbal 1-back Task,Seed: Dorsal attention FEF (Frontal eye field) (Right)-2,"Comparing cognition, coping skills and vedic personality of individuals practicing yoga, physical exercise or sedentary lifestyle: a cross-sectional fMRI study",H. Kaur; Shefali Chaudhary; Sriloy Mohanty; G. Sharma; S. Kumaran; N. Ghati; R. Bhatia; A. Nehra; R. Pandey,Integrative Medicine Research
9SfcXzz6Df2h-XgZKJa6EAmSv,9SfcXzz6Df2h,XgZKJa6EAmSv,n-back,Verbal 1-back Task,YOGA>SED-2,"Comparing cognition, coping skills and vedic personality of individuals practicing yoga, physical exercise or sedentary lifestyle: a cross-sectional fMRI study",H. Kaur; Shefali Chaudhary; Sriloy Mohanty; G. Sharma; S. Kumaran; N. Ghati; R. Bhatia; A. Nehra; R. Pandey,Integrative Medicine Research
9SfcXzz6Df2h-ciBwjfj5TiWg,9SfcXzz6Df2h,ciBwjfj5TiWg,n-back,Verbal 1-back Task,Seed: Fronto parietal PPC (Posterior parietal cortex) (Right),"Comparing cognition, coping skills and vedic personality of individuals practicing yoga, physical exercise or sedentary lifestyle: a cross-sectional fMRI study",H. Kaur; Shefali Chaudhary; Sriloy Mohanty; G. Sharma; S. Kumaran; N. Ghati; R. Bhatia; A. Nehra; R. Pandey,Integrative Medicine Research
9SfcXzz6Df2h-i7ktADXvmXPJ,9SfcXzz6Df2h,i7ktADXvmXPJ,n-back,Verbal 1-back Task,YOGA>PE,"Comparing cognition, coping skills and vedic personality of individuals practicing yoga, physical exercise or sedentary lifestyle: a cross-sectional fMRI study",H. Kaur; Shefali Chaudhary; Sriloy Mohanty; G. Sharma; S. Kumaran; N. Ghati; R. Bhatia; A. Nehra; R. Pandey,Integrative Medicine Research
9SfcXzz6Df2h-j9phfJAdE7X3,9SfcXzz6Df2h,j9phfJAdE7X3,n-back,Verbal 1-back Task,Seed: Fronto parietal LPFC (Lateral prefrontal cortex) (Left),"Comparing cognition, coping skills and vedic personality of individuals practicing yoga, physical exercise or sedentary lifestyle: a cross-sectional fMRI study",H. Kaur; Shefali Chaudhary; Sriloy Mohanty; G. Sharma; S. Kumaran; N. Ghati; R. Bhatia; A. Nehra; R. Pandey,Integrative Medicine Research
9SfcXzz6Df2h-mTS8DpyGfizd,9SfcXzz6Df2h,mTS8DpyGfizd,n-back,Verbal 1-back Task,PE>SED,"Comparing cognition, coping skills and vedic personality of individuals practicing yoga, physical exercise or sedentary lifestyle: a cross-sectional fMRI study",H. Kaur; Shefali Chaudhary; Sriloy Mohanty; G. Sharma; S. Kumaran; N. Ghati; R. Bhatia; A. Nehra; R. Pandey,Integrative Medicine Research
9SfcXzz6Df2h-shDvXQwBLxqd,9SfcXzz6Df2h,shDvXQwBLxqd,n-back,Verbal 1-back Task,Seed: Fronto parietal LPFC (Lateral prefrontal cortex) (Left)-2,"Comparing cognition, coping skills and vedic personality of individuals practicing yoga, physical exercise or sedentary lifestyle: a cross-sectional fMRI study",H. Kaur; Shefali Chaudhary; Sriloy Mohanty; G. Sharma; S. Kumaran; N. Ghati; R. Bhatia; A. Nehra; R. Pandey,Integrative Medicine Research
9SfcXzz6Df2h-xfWzpTK4J7FK,9SfcXzz6Df2h,xfWzpTK4J7FK,n-back,Verbal 1-back Task,PE<SED,"Comparing cognition, coping skills and vedic personality of individuals practicing yoga, physical exercise or sedentary lifestyle: a cross-sectional fMRI study",H. Kaur; Shefali Chaudhary; Sriloy Mohanty; G. Sharma; S. Kumaran; N. Ghati; R. Bhatia; A. Nehra; R. Pandey,Integrative Medicine Research
9rarDGjYUtQe-GTqFsf4BDpMu,9rarDGjYUtQe,GTqFsf4BDpMu,n-back,n-back task,Spatial>Nonspatial,The frontoparietal multiple demand network interacts with the dual pathways in auditory working memory.,A. Leung; Sylvain Moreno; Claude Alain,Cerebral Cortex
9rarDGjYUtQe-PL6DwHQBiLn8,9rarDGjYUtQe,PL6DwHQBiLn8,n-back,n-back task,1-back>2-back,The frontoparietal multiple demand network interacts with the dual pathways in auditory working memory.,A. Leung; Sylvain Moreno; Claude Alain,Cerebral Cortex
9rarDGjYUtQe-QB7KLoEtBrW5,9rarDGjYUtQe,QB7KLoEtBrW5,n-back,n-back task,Interaction effect,The frontoparietal multiple demand network interacts with the dual pathways in auditory working memory.,A. Leung; Sylvain Moreno; Claude Alain,Cerebral Cortex
9rarDGjYUtQe-hBUxdeeXXEiV,9rarDGjYUtQe,hBUxdeeXXEiV,n-back,n-back task,Nonspatial>spatial,The frontoparietal multiple demand network interacts with the dual pathways in auditory working memory.,A. Leung; Sylvain Moreno; Claude Alain,Cerebral Cortex
9rarDGjYUtQe-vAuQxQBhJ7dE,9rarDGjYUtQe,vAuQxQBhJ7dE,n-back,n-back task,2-back>1-back,The frontoparietal multiple demand network interacts with the dual pathways in auditory working memory.,A. Leung; Sylvain Moreno; Claude Alain,Cerebral Cortex
9xs6nw4yG4hK-Yz2fdDFEyH7X,9xs6nw4yG4hK,Yz2fdDFEyH7X,n-back,Auditory and visual 2-back tasks | Auditory n-back task,Brain regions activated in the voxel-wise Time by Group Interaction for the visual transfer task.,The impact of auditory working memory training on the fronto-parietal working memory network,Julia A Schneiders; B. Opitz; Huijun Tang; Yuan Deng; Chaoxiang Xie; Hong Li; A. Mecklinger,Frontiers in Human Neuroscience
A2PTYpsYfnWY-2fxwjGyC7ojX,A2PTYpsYfnWY,2fxwjGyC7ojX,n-back,N-back Task,Seed 2 (ACC),Joint contributions from brain activity and activity-independent functional connectivity to working memory aging.,Caishui Yang; Jialing Fan; Kewei Chen; Zhanjun Zhang; Beijing Aging Brain Rejuvenation Initiative,Psychophysiology
A2PTYpsYfnWY-3He7Wrx7gsJB,A2PTYpsYfnWY,3He7Wrx7gsJB,n-back,N-back Task,Areas with positive activity,Joint contributions from brain activity and activity-independent functional connectivity to working memory aging.,Caishui Yang; Jialing Fan; Kewei Chen; Zhanjun Zhang; Beijing Aging Brain Rejuvenation Initiative,Psychophysiology
A2PTYpsYfnWY-Jq4z9t2VpMUC,A2PTYpsYfnWY,Jq4z9t2VpMUC,n-back,N-back Task,Areas with negative activity,Joint contributions from brain activity and activity-independent functional connectivity to working memory aging.,Caishui Yang; Jialing Fan; Kewei Chen; Zhanjun Zhang; Beijing Aging Brain Rejuvenation Initiative,Psychophysiology
A2PTYpsYfnWY-pMgZVDkrCbKq,A2PTYpsYfnWY,pMgZVDkrCbKq,n-back,N-back Task,Seed 1 (IPL),Joint contributions from brain activity and activity-independent functional connectivity to working memory aging.,Caishui Yang; Jialing Fan; Kewei Chen; Zhanjun Zhang; Beijing Aging Brain Rejuvenation Initiative,Psychophysiology
A89ZEJHnwH6h-2bVdwh7fFzx5,A89ZEJHnwH6h,2bVdwh7fFzx5,n-back,Autobiographical Memory Task | Self-Reflection Task | N-back Task,Self > Facts,"Shared and differential default-mode related patterns of activity in an autobiographical, a self-referential and an attentional task",P. Fuentes-Claramonte; M. Martín-Subero; P. Salgado-Pineda; S. Alonso-Lana; A. Moreno-Alcázar; I. Argila-Plaza; A. Santo-Angles; A. Albajes-Eizagirre; Maria Anguera-Camós; A. Capdevila; S. Sarró; P. McKenna; E. Pomarol-Clotet; R. Salvador,PLoS ONE
A89ZEJHnwH6h-M7M6Y5ThJDug,A89ZEJHnwH6h,M7M6Y5ThJDug,n-back,Autobiographical Memory Task | Self-Reflection Task | N-back Task,Memory > Control,"Shared and differential default-mode related patterns of activity in an autobiographical, a self-referential and an attentional task",P. Fuentes-Claramonte; M. Martín-Subero; P. Salgado-Pineda; S. Alonso-Lana; A. Moreno-Alcázar; I. Argila-Plaza; A. Santo-Angles; A. Albajes-Eizagirre; Maria Anguera-Camós; A. Capdevila; S. Sarró; P. McKenna; E. Pomarol-Clotet; R. Salvador,PLoS ONE
A89ZEJHnwH6h-Pcs8AgAmiBVP,A89ZEJHnwH6h,Pcs8AgAmiBVP,n-back,Autobiographical Memory Task | Self-Reflection Task | N-back Task,Other > Self,"Shared and differential default-mode related patterns of activity in an autobiographical, a self-referential and an attentional task",P. Fuentes-Claramonte; M. Martín-Subero; P. Salgado-Pineda; S. Alonso-Lana; A. Moreno-Alcázar; I. Argila-Plaza; A. Santo-Angles; A. Albajes-Eizagirre; Maria Anguera-Camós; A. Capdevila; S. Sarró; P. McKenna; E. Pomarol-Clotet; R. Salvador,PLoS ONE
A89ZEJHnwH6h-Q22dtKfjQHhq,A89ZEJHnwH6h,Q22dtKfjQHhq,n-back,Autobiographical Memory Task | Self-Reflection Task | N-back Task,Baseline > 2-back,"Shared and differential default-mode related patterns of activity in an autobiographical, a self-referential and an attentional task",P. Fuentes-Claramonte; M. Martín-Subero; P. Salgado-Pineda; S. Alonso-Lana; A. Moreno-Alcázar; I. Argila-Plaza; A. Santo-Angles; A. Albajes-Eizagirre; Maria Anguera-Camós; A. Capdevila; S. Sarró; P. McKenna; E. Pomarol-Clotet; R. Salvador,PLoS ONE
A89ZEJHnwH6h-VS6P8nGf2tHD,A89ZEJHnwH6h,VS6P8nGf2tHD,n-back,Autobiographical Memory Task | Self-Reflection Task | N-back Task,2-back > Baseline,"Shared and differential default-mode related patterns of activity in an autobiographical, a self-referential and an attentional task",P. Fuentes-Claramonte; M. Martín-Subero; P. Salgado-Pineda; S. Alonso-Lana; A. Moreno-Alcázar; I. Argila-Plaza; A. Santo-Angles; A. Albajes-Eizagirre; Maria Anguera-Camós; A. Capdevila; S. Sarró; P. McKenna; E. Pomarol-Clotet; R. Salvador,PLoS ONE
A89ZEJHnwH6h-hjXQp3HeB2S8,A89ZEJHnwH6h,hjXQp3HeB2S8,n-back,Autobiographical Memory Task | Self-Reflection Task | N-back Task,Facts > Other,"Shared and differential default-mode related patterns of activity in an autobiographical, a self-referential and an attentional task",P. Fuentes-Claramonte; M. Martín-Subero; P. Salgado-Pineda; S. Alonso-Lana; A. Moreno-Alcázar; I. Argila-Plaza; A. Santo-Angles; A. Albajes-Eizagirre; Maria Anguera-Camós; A. Capdevila; S. Sarró; P. McKenna; E. Pomarol-Clotet; R. Salvador,PLoS ONE
A89ZEJHnwH6h-rALFvwiKLzwa,A89ZEJHnwH6h,rALFvwiKLzwa,n-back,Autobiographical Memory Task | Self-Reflection Task | N-back Task,Facts > Self,"Shared and differential default-mode related patterns of activity in an autobiographical, a self-referential and an attentional task",P. Fuentes-Claramonte; M. Martín-Subero; P. Salgado-Pineda; S. Alonso-Lana; A. Moreno-Alcázar; I. Argila-Plaza; A. Santo-Angles; A. Albajes-Eizagirre; Maria Anguera-Camós; A. Capdevila; S. Sarró; P. McKenna; E. Pomarol-Clotet; R. Salvador,PLoS ONE
A89ZEJHnwH6h-sKP3RpLocGZf,A89ZEJHnwH6h,sKP3RpLocGZf,n-back,Autobiographical Memory Task | Self-Reflection Task | N-back Task,Control > Memory,"Shared and differential default-mode related patterns of activity in an autobiographical, a self-referential and an attentional task",P. Fuentes-Claramonte; M. Martín-Subero; P. Salgado-Pineda; S. Alonso-Lana; A. Moreno-Alcázar; I. Argila-Plaza; A. Santo-Angles; A. Albajes-Eizagirre; Maria Anguera-Camós; A. Capdevila; S. Sarró; P. McKenna; E. Pomarol-Clotet; R. Salvador,PLoS ONE
A89ZEJHnwH6h-stByfocQHU9z,A89ZEJHnwH6h,stByfocQHU9z,n-back,Autobiographical Memory Task | Self-Reflection Task | N-back Task,Other > Facts,"Shared and differential default-mode related patterns of activity in an autobiographical, a self-referential and an attentional task",P. Fuentes-Claramonte; M. Martín-Subero; P. Salgado-Pineda; S. Alonso-Lana; A. Moreno-Alcázar; I. Argila-Plaza; A. Santo-Angles; A. Albajes-Eizagirre; Maria Anguera-Camós; A. Capdevila; S. Sarró; P. McKenna; E. Pomarol-Clotet; R. Salvador,PLoS ONE
ABgFGzauNmrM-3BeoFzZota8h,ABgFGzauNmrM,3BeoFzZota8h,n-back,n-back working memory paradigm,(Controls > MCI without CSVD) × (2-back > 1-back),The influence of cerebral small vessel disease on default mode network deactivation in mild cognitive impairment☆,J. Papma; T. den Heijer; I. de Koning; F. Mattace-Raso; A. van der Lugt; F. van der Lijn; J. V. van Swieten; P. Koudstaal; M. Smits; N. Prins,NeuroImage: Clinical
ABgFGzauNmrM-9bVfQNMWhcWG,ABgFGzauNmrM,9bVfQNMWhcWG,n-back,n-back working memory paradigm,(Controls > MCI without CSVD) × (2-back > 0-back),The influence of cerebral small vessel disease on default mode network deactivation in mild cognitive impairment☆,J. Papma; T. den Heijer; I. de Koning; F. Mattace-Raso; A. van der Lugt; F. van der Lijn; J. V. van Swieten; P. Koudstaal; M. Smits; N. Prins,NeuroImage: Clinical
ABgFGzauNmrM-AvdnheuA87uF,ABgFGzauNmrM,AvdnheuA87uF,n-back,n-back working memory paradigm,(MCI with CSVD > MCI without CSVD) × (2-back > 1-back),The influence of cerebral small vessel disease on default mode network deactivation in mild cognitive impairment☆,J. Papma; T. den Heijer; I. de Koning; F. Mattace-Raso; A. van der Lugt; F. van der Lijn; J. V. van Swieten; P. Koudstaal; M. Smits; N. Prins,NeuroImage: Clinical
ABgFGzauNmrM-Je7VNFM4GYHG,ABgFGzauNmrM,Je7VNFM4GYHG,n-back,n-back working memory paradigm,Controls,The influence of cerebral small vessel disease on default mode network deactivation in mild cognitive impairment☆,J. Papma; T. den Heijer; I. de Koning; F. Mattace-Raso; A. van der Lugt; F. van der Lijn; J. V. van Swieten; P. Koudstaal; M. Smits; N. Prins,NeuroImage: Clinical
ABgFGzauNmrM-Tj3Ya6HTvYV6,ABgFGzauNmrM,Tj3Ya6HTvYV6,n-back,n-back working memory paradigm,0-back; MCI without CSVD > Controls,The influence of cerebral small vessel disease on default mode network deactivation in mild cognitive impairment☆,J. Papma; T. den Heijer; I. de Koning; F. Mattace-Raso; A. van der Lugt; F. van der Lijn; J. V. van Swieten; P. Koudstaal; M. Smits; N. Prins,NeuroImage: Clinical
ABgFGzauNmrM-XPRF8jMuxriC,ABgFGzauNmrM,XPRF8jMuxriC,n-back,n-back working memory paradigm,MCI patients with CSVD,The influence of cerebral small vessel disease on default mode network deactivation in mild cognitive impairment☆,J. Papma; T. den Heijer; I. de Koning; F. Mattace-Raso; A. van der Lugt; F. van der Lijn; J. V. van Swieten; P. Koudstaal; M. Smits; N. Prins,NeuroImage: Clinical
ABgFGzauNmrM-gh6eNG76T75u,ABgFGzauNmrM,gh6eNG76T75u,n-back,n-back working memory paradigm,2-back; Controls > MCI without CSVD,The influence of cerebral small vessel disease on default mode network deactivation in mild cognitive impairment☆,J. Papma; T. den Heijer; I. de Koning; F. Mattace-Raso; A. van der Lugt; F. van der Lijn; J. V. van Swieten; P. Koudstaal; M. Smits; N. Prins,NeuroImage: Clinical
